DENOMINACION;DEPARTAMENTO;TEMA
Recurso de alzada;DEPART. DE ADMINISTRACIÓN PÚBLICA Y RELAC. INSTITUCIONALES;Revisión de actos, recursos administrativos y reclamaciones
Recurso potestativo de reposición. (excepto actos en materia tributaria);DEPART. DE ADMINISTRACIÓN PÚBLICA Y RELAC. INSTITUCIONALES;Revisión de actos, recursos administrativos y reclamaciones
Recurso extraordinario de revisión. (excepto actos en materia tributaria);DEPART. DE ADMINISTRACIÓN PÚBLICA Y RELAC. INSTITUCIONALES;Revisión de actos, recursos administrativos y reclamaciones
Declaración de lesividad de actos anulables.;DEPART. DE ADMINISTRACIÓN PÚBLICA Y RELAC. INSTITUCIONALES;Revisión de actos, recursos administrativos y reclamaciones
Revisión de actos nulos de pleno derecho. (excepto actos en materia tributaria);DEPART. DE ADMINISTRACIÓN PÚBLICA Y RELAC. INSTITUCIONALES;Revisión de actos, recursos administrativos y reclamaciones
Rectificación de errores materiales, aritméticos o de hecho.;DEPART. DE ADMINISTRACIÓN PÚBLICA Y RELAC. INSTITUCIONALES;Revisión de actos, recursos administrativos y reclamaciones
Revocación de actos desfavorables o de gravamen.;DEPART. DE ADMINISTRACIÓN PÚBLICA Y RELAC. INSTITUCIONALES;Revisión de actos, recursos administrativos y reclamaciones
Responsabilidad patrimonial de la DFB (procedimiento general).;DEPART. DE ADMINISTRACIÓN PÚBLICA Y RELAC. INSTITUCIONALES;Responsabilidad Patrimonial
Responsabilidad patrimonial de autoridades y personal al servicio de la Administración por daños causados a particulares;DEPART. DE ADMINISTRACIÓN PÚBLICA Y RELAC. INSTITUCIONALES;Responsabilidad Patrimonial
Responsabilidad Patrimonial de autoridades y personal al servicio de la Administración por daños causados a la Administración.;DEPART. DE ADMINISTRACIÓN PÚBLICA Y RELAC. INSTITUCIONALES;Responsabilidad Patrimonial
Procedimiento sancionador (procedimiento general).;DEPART. DE ADMINISTRACIÓN PÚBLICA Y RELAC. INSTITUCIONALES;Infracciones y sanciones
Visado de mercancías. Mas de 3.500 kg de M.M.A.;DEPARTAMENTO DE TRANSPORTES Y MOVILIDAD SOSTENIBLE;Autorizaciones, licencias y permisos
Visado de mercancías. De 2.000 kg a 3.500 kg de M.M.A.;DEPARTAMENTO DE TRANSPORTES Y MOVILIDAD SOSTENIBLE;Autorizaciones, licencias y permisos
Reintegro de subvenciones;DEPARTAMENTO DE HACIENDA Y FINANZAS;Ayudas, subvenciones, prestaciones, pensiones y becas
Reversión de expropiaciones;DEPARTAMENTO DE INFRAESTRUCTURAS Y DESARROLLO TERRITORIAL;Expropiación forzosa
Nueva autorización de transporte público de mercancías (vehículos ligeros de más de 3.500Kg de MMA);DEPARTAMENTO DE TRANSPORTES Y MOVILIDAD SOSTENIBLE;Autorizaciones, licencias y permisos
Selección de contratistas y adjudicación del contrato.;DEPART. DE ADMINISTRACIÓN PÚBLICA Y RELAC. INSTITUCIONALES;Acuerdos, contratos y convenios
Recurso especial en materia de contratación;DEPART. DE ADMINISTRACIÓN PÚBLICA Y RELAC. INSTITUCIONALES;Revisión de actos, recursos administrativos y reclamaciones
Nueva autorización de transporte público de mercancías  (vehículos ligeros desde 2.001Kg hasta 3.500Kg de MMA);DEPARTAMENTO DE TRANSPORTES Y MOVILIDAD SOSTENIBLE;Autorizaciones, licencias y permisos
Expropiación forzosa;DEPARTAMENTO DE INFRAESTRUCTURAS Y DESARROLLO TERRITORIAL;Expropiación forzosa
Reconocimiento o revisión de la situación de dependencia;DEPARTAMENTO DE ACCIÓN SOCIAL;Certificaciones y declaraciones
Baja de la persona que ejerce las funciones del gestor del transporte;DEPARTAMENTO DE TRANSPORTES Y MOVILIDAD SOSTENIBLE;Registros, homologaciones e inscripciones
Transmisión de todos los vehiculos de otra autorización de transporte de mercancías;DEPARTAMENTO DE TRANSPORTES Y MOVILIDAD SOSTENIBLE;Autorizaciones, licencias y permisos
Sustitución de vehículo en autorización de transporte público de mercancías (para un vehículo de hasta 3.500Kg de carga útil);DEPARTAMENTO DE TRANSPORTES Y MOVILIDAD SOSTENIBLE;Autorizaciones, licencias y permisos
Rehabilitación de autorización de transporte público de mercancías (vehículos de más de 3.500 kg de M.M.A.);DEPARTAMENTO DE TRANSPORTES Y MOVILIDAD SOSTENIBLE;Autorizaciones, licencias y permisos
Reconocimiento de la situación de discapacidad;DEPARTAMENTO DE ACCIÓN SOCIAL;Certificaciones y declaraciones
Certificado de conductor/a de terceros paises;DEPARTAMENTO DE TRANSPORTES Y MOVILIDAD SOSTENIBLE;Autorizaciones, licencias y permisos
Rehabilitación de autorización de transporte público de mercancías. (hasta 3.500 kg de M.M.A.);DEPARTAMENTO DE TRANSPORTES Y MOVILIDAD SOSTENIBLE;Autorizaciones, licencias y permisos
Cesión de autorización de transporte público de mercancías.;DEPARTAMENTO DE TRANSPORTES Y MOVILIDAD SOSTENIBLE;Autorizaciones, licencias y permisos
Renuncia/Baja de autorización de Mercancias;DEPARTAMENTO DE TRANSPORTES Y MOVILIDAD SOSTENIBLE;Autorizaciones, licencias y permisos
Registro de entidades y personas de Promoción Económica;DEPARTAMENTO DE PROMOCIÓN ECONÓMICA;Registros, homologaciones e inscripciones
Alta de la persona que ejerce las funciones del gestor del transporte;DEPARTAMENTO DE TRANSPORTES Y MOVILIDAD SOSTENIBLE;Registros, homologaciones e inscripciones
Expedición/renovación de títulos de familias numerosas;DEPARTAMENTO DE EMPLEO, INCLUSIÓN SOCIAL E IGUALDAD;Certificaciones y declaraciones
Autorizar operaciones de crédito;DEPART. DE ADMINISTRACIÓN PÚBLICA Y RELAC. INSTITUCIONALES;Autorizaciones, licencias y permisos
PROGRAMA: FOMENTO DEL AUTOEMPLEO Apoyo a las personas jóvenes emprendedoras por inversiones para la puesta en marcha;DEPARTAMENTO DE PROMOCIÓN ECONÓMICA;Ayudas, subvenciones, prestaciones, pensiones y becas
Autorizaciones obras;DEPARTAMENTO DE SOSTENIBILIDAD Y MEDIO NATURAL;Autorizaciones, licencias y permisos
Mujer: PROGRAMA DE ATENCIÓN PSICOLÓGICA DE INTERVENCIÓN FAMILIAR EN SUPUESTOS DE MALTRATO Y AGRESIONES SEXUALES;DEPARTAMENTO DE EMPLEO, INCLUSIÓN SOCIAL E IGUALDAD;Otros
Mujer: Programa de intervención familiar especializado en violencia contra las mujeres en el ámbito doméstico;DEPARTAMENTO DE EMPLEO, INCLUSIÓN SOCIAL E IGUALDAD;Otros
Informes a Administraciones Públicas sobre procedimientos y actuaciones con efecto en medio natural y especies de flora y fauna.;DEPARTAMENTO DE SOSTENIBILIDAD Y MEDIO NATURAL;Informes y asesoramientos
Atención en unidades residenciales socio-sanitarias;DEPARTAMENTO DE ACCIÓN SOCIAL;Ayudas, subvenciones, prestaciones, pensiones y becas
Apertura, reforma, cambio de titularidad y cierre de centros;DEPARTAMENTO DE ACCIÓN SOCIAL;Registros, homologaciones e inscripciones
Informe operaciones de crédito;DEPART. DE ADMINISTRACIÓN PÚBLICA Y RELAC. INSTITUCIONALES;Informes y asesoramientos
Inscripción y cancelación en Registro de servicios sociales;DEPARTAMENTO DE ACCIÓN SOCIAL;Registros, homologaciones e inscripciones
Inspección de los servicios sociales;DEPARTAMENTO DE ACCIÓN SOCIAL;Registros, homologaciones e inscripciones
Quejas y sugerencias del departamento de Acción Social;DEPARTAMENTO DE ACCIÓN SOCIAL;Consultas, quejas y sugerencias
Procedimiento sancionador por comisión de infracciones en el ámbito de los servicios sociales;DEPARTAMENTO DE ACCIÓN SOCIAL;Infracciones y sanciones
Ampliación de expropiación;DEPARTAMENTO DE INFRAESTRUCTURAS Y DESARROLLO TERRITORIAL;Expropiación forzosa
Declaración de monte de utilidad pública, descatalogación y monte protector, etc;DEPARTAMENTO DE SOSTENIBILIDAD Y MEDIO NATURAL;Certificaciones y declaraciones
Reclamación previa contra montes del catálogo;DEPARTAMENTO DE SOSTENIBILIDAD Y MEDIO NATURAL;Revisión de actos, recursos administrativos y reclamaciones
Modelo 568. Impuesto Especial sobre determinados Medios de Transporte. Solicitud de devolución por reventa y envío de medios de transporte fuera del territorio.;DEPARTAMENTO DE HACIENDA Y FINANZAS;Elementos transportes (matriculación)
Montes: Acuerdo de deslinde;DEPARTAMENTO DE SOSTENIBILIDAD Y MEDIO NATURAL;Otros
Planes de Ordenación de montes;DEPARTAMENTO DE SOSTENIBILIDAD Y MEDIO NATURAL;Autorizaciones, licencias y permisos
Inscripción en el Registro de explotaciones agrarias;DEPARTAMENTO DE SOSTENIBILIDAD Y MEDIO NATURAL;Registros, homologaciones e inscripciones
Calificación de explotación agraria;DEPARTAMENTO DE SOSTENIBILIDAD Y MEDIO NATURAL;Certificaciones y declaraciones
Ayudas especiales para la inclusión;DEPARTAMENTO DE EMPLEO, INCLUSIÓN SOCIAL E IGUALDAD;Ayudas, subvenciones, prestaciones, pensiones y becas
Prestación económica de asistencia personal;DEPARTAMENTO DE ACCIÓN SOCIAL;Ayudas, subvenciones, prestaciones, pensiones y becas
Servicios bibliotecarios de la Biblioteca Foral de Bizkaia;DEPARTAMENTO DE EUSKERA, CULTURA Y DEPORTE;Boletines, revistas, libros y documentos
Reconocimiento del derecho exención IVA de servicios prestados directamente a sus miembros por determinadas entidades;DEPARTAMENTO DE HACIENDA Y FINANZAS;Impuesto sobre el valor añadido (IVA)
Modelo 308. Impuesto sobre el Valor Añadido. Solicitud de devolución. Régimen Recargo Equivalencia y Sujetos Pasivos Ocasionales;DEPARTAMENTO DE HACIENDA Y FINANZAS;Impuesto sobre el valor añadido (IVA)
Modelo 042-C. Tasa Fiscal sobre el Juego. Casino;DEPARTAMENTO DE HACIENDA Y FINANZAS;Juego
Residencias para personas dependientes en estancia temporal;DEPARTAMENTO DE ACCIÓN SOCIAL;Ayudas, subvenciones, prestaciones, pensiones y becas
Modelo 310. Impuesto sobre el Valor Añadido. Régimen simplificado. Declaración-Liquidación trimestral;DEPARTAMENTO DE HACIENDA Y FINANZAS;Impuesto sobre el valor añadido (IVA)
Modelo 349. Resumen recapitulativo de operaciones con sujetos pasivos de la UE.;DEPARTAMENTO DE HACIENDA Y FINANZAS;Impuesto sobre el valor añadido (IVA)
Modelo 136. Gravamen Especial sobre los Premios de determinadas Loterías y Apuestas. Impuesto sobre la Renta de las Personas Físicas e Impuesto sobre la Renta de no Residentes.;DEPARTAMENTO DE HACIENDA Y FINANZAS;Retenciones y Pagos a cuenta
Modelo 714. Impuesto sobre el Patrimonio 2012. Autoliquidación.;DEPARTAMENTO DE HACIENDA Y FINANZAS;IRPF
Solicitud de claves de renta;DEPARTAMENTO DE HACIENDA Y FINANZAS;Presentación de declaraciones
Modelo 309. Impuesto sobre el Valor Añadido. Declaración-liquidación no periódica.;DEPARTAMENTO DE HACIENDA Y FINANZAS;Impuesto sobre el valor añadido (IVA)
Modelo 322. Impuesto sobre el Valor Añadido. Grupo de entidades. Modelo individual. Autoliquidación mensual;DEPARTAMENTO DE HACIENDA Y FINANZAS;Impuesto sobre el valor añadido (IVA)
Centros de día para personas dependientes;DEPARTAMENTO DE ACCIÓN SOCIAL;Ayudas, subvenciones, prestaciones, pensiones y becas
Residencias para personas dependientes en estancia permanente;DEPARTAMENTO DE ACCIÓN SOCIAL;Ayudas, subvenciones, prestaciones, pensiones y becas
Solicitud de certificado de Residencia Fiscal;DEPARTAMENTO DE HACIENDA Y FINANZAS;IRPF
Modelo 06. Impuesto Especial sobre determinados Medios de Transporte. Declaración (Exenciones y no sujeciones sin reconocimiento previo);DEPARTAMENTO DE HACIENDA Y FINANZAS;Elementos transportes (matriculación)
Modelo 043-B. Tasa Fiscal sobre el Juego. Salas de Bingo. Autoliquidación.;DEPARTAMENTO DE HACIENDA Y FINANZAS;Juego
Modelo 340. Impuesto sobre el Valor Añadido. incluídas en los libros registro (art. 47 Decreto Foral 205/2008);DEPARTAMENTO DE HACIENDA Y FINANZAS;Impuesto sobre el valor añadido (IVA)
Modelo 341. Impuesto sobre el Valor Añadido. Compensación en el Régimen especial de la agricultura, ganadería y pesca. Declaración-Liquidación trimestral.;DEPARTAMENTO DE HACIENDA Y FINANZAS;Impuesto sobre el valor añadido (IVA)
Modelo 353. Impuesto sobre el Valor Añadido. Grupo de entidades. Modelo agregado. Autoliquidación mensual.;DEPARTAMENTO DE HACIENDA Y FINANZAS;Impuesto sobre el valor añadido (IVA)
Modelo 391. Impuesto sobre el Valor Añadido. Régimen simplificado. Declaración - Liquidación final.;DEPARTAMENTO DE HACIENDA Y FINANZAS;Impuesto sobre el valor añadido (IVA)
Modelo 030. Solicitud de alta en el Censo de personas físicas, cambio de domicilio y/o variación de datos personales (con DNI o NIE).;DEPARTAMENTO DE HACIENDA Y FINANZAS;Censos, NIF y domicilio fiscal
Modelo 037. Declaración censal. De modificación que han de presentar los empresarios y profesionales (Personas Físicas).;DEPARTAMENTO DE HACIENDA Y FINANZAS;Censos, NIF y domicilio fiscal
Solicitud de alta, modificación o baja en el regimen especial del grupo de entidades en el IVA;DEPARTAMENTO DE HACIENDA Y FINANZAS;Censos, NIF y domicilio fiscal
Modelo 600. Impuesto sobre Transmisiones Patrimoniales y Actos Jurídicos Documentados. Declaración-liquidación.;DEPARTAMENTO DE HACIENDA Y FINANZAS;Transmisiones patrimoniales y AJD
Alta/Variación/Baja en la Matrícula de IAE;DEPARTAMENTO DE HACIENDA Y FINANZAS;Actividades económicas
Modelo 848. Impuesto sobre Actividades Económicas. Comunicación del volumen de operaciones.;DEPARTAMENTO DE HACIENDA Y FINANZAS;Actividades económicas
Modelo 159. Declaración anual de consumo de energía eléctrica.;DEPARTAMENTO DE HACIENDA Y FINANZAS;Declaraciones Informativas
Modelo 170. Declaración informativa anual de las operaciones realizadas por empresarias/os o profesionales adheridos al sistema de gestión de cobros a través de tarjetas de crédito o de débito.;DEPARTAMENTO DE HACIENDA Y FINANZAS;Declaraciones Informativas
Modelo 171. Declaración informativa anual de las imposiciones, disposiciones de fondos y de los cobros de cualquier documento.;DEPARTAMENTO DE HACIENDA Y FINANZAS;Declaraciones Informativas
Modelo 181. Préstamos hipotecarios destinados a la adquisición de vivienda. Declaración informativa.;DEPARTAMENTO DE HACIENDA Y FINANZAS;Declaraciones Informativas
Modelo 182. Impuesto sobre la Renta de las Personas Físicas. Declaración informativa de donaciones;DEPARTAMENTO DE HACIENDA Y FINANZAS;Declaraciones Informativas
Modelo 043-Z.Impuesto sobre el Juego del Bingo. Salas de Bingo. Declaración-Liquidación;DEPARTAMENTO DE HACIENDA Y FINANZAS;Juego
Modelo 043-E. Tributo sobre el Juego. Bingo electrónico. Autoliquidación;DEPARTAMENTO DE HACIENDA Y FINANZAS;Juego
Modelo 043-G. Recargo de la Tasa sobre el Juego. Máquinas o aparatos automáticos. Declaración-Liquidación.;DEPARTAMENTO DE HACIENDA Y FINANZAS;Juego
Modelo 043-M. Tasa Fiscal sobre el Juego. Máquinas o aparatos automáticos. Declaración-Liquidación.;DEPARTAMENTO DE HACIENDA Y FINANZAS;Juego
Modelo 184. Impuesto sobre la Renta de las Personas Físicas. Impuesto sobre Sociedades. Impuesto sobre la Renta de no Residentes. Entidades en régimen de atribución de rentas. Declaración informativa anual.;DEPARTAMENTO DE HACIENDA Y FINANZAS;Declaraciones Informativas
Modelo 189. Valores, Seguros y Rentas. Declaración informativa.;DEPARTAMENTO DE HACIENDA Y FINANZAS;Declaraciones Informativas
Modelo 192. Declaración de operaciones con Letras del Tesoro;DEPARTAMENTO DE HACIENDA Y FINANZAS;Declaraciones Informativas
Modelo 198. Declaración de las operaciones intervenidas por los fedatarios públicos y demás intermediarios financieros. Declaración anual.;DEPARTAMENTO DE HACIENDA Y FINANZAS;Declaraciones Informativas
Modelo 199. Número de Identificación Fiscal. Decreto Foral 113/1996, de 8 de octubre (art. 13.9). Identificación de las operaciones en entidades de crédito.;DEPARTAMENTO DE HACIENDA Y FINANZAS;Declaraciones Informativas
Modelo 615. Impuesto sobre Transmisiones Patrimoniales y Actos Jurídicos Documentados. Actos Jurídicos Documentados. Autoliquidación.;DEPARTAMENTO DE HACIENDA Y FINANZAS;Transmisiones patrimoniales y AJD
Modelo 291. Impuesto sobre la Renta de no Residentes. No residentes sin establecimiento premanente. Declaración informativa de rendimientos de cuentas de no residentes.;DEPARTAMENTO DE HACIENDA Y FINANZAS;Renta de No Residentes
Modelo 345. Entidades de Previsión Social Voluntaria, Planes, Fondos de Pensiones, sistemas alternativos y Mutualidades de Previsión Social.;DEPARTAMENTO DE HACIENDA Y FINANZAS;Declaraciones Informativas
Modelo 610. Impuesto sobre Transmisiones Patrimoniales y Actos Jurídicos Documentados. Actos Jurídicos Documentados. Autoliquidación.;DEPARTAMENTO DE HACIENDA Y FINANZAS;Transmisiones patrimoniales y AJD
Modelo 100. Impuesto sobre la Renta de las Personas Físicas 2014. Autoliquidación.;DEPARTAMENTO DE HACIENDA Y FINANZAS;IRPF
Modelo 347. Declaración anual de operaciones con terceras personas;DEPARTAMENTO DE HACIENDA Y FINANZAS;Declaraciones Informativas
Modelo 781. Declaración informativa de cuentas vivienda.;DEPARTAMENTO DE HACIENDA Y FINANZAS;Declaraciones Informativas
Modelo 048. Tasa Fiscal sobre el Juego. Apuestas. Declaración-Liquidación.;DEPARTAMENTO DE HACIENDA Y FINANZAS;Juego
Modelo 299. Declaración anual de determinadas rentas obtenidas por personas físicas residentes en otros estados miembros de la Unión Europea y en otros países y territorios con los que se haya establecido intercambio de información. Hoja-Resumen;DEPARTAMENTO DE HACIENDA Y FINANZAS;Renta de No Residentes
Modelo 576. Impuesto Especial sobre determinados Medios de Transporte. Autoliquidación.;DEPARTAMENTO DE HACIENDA Y FINANZAS;Elementos transportes (matriculación)
Modelo 430. Impuesto sobre las primas de seguros. Declaración-liquidación;DEPARTAMENTO DE HACIENDA Y FINANZAS;Primas de seguro
Modelo 583. Impuesto sobre el Valor de la Producción de Energía Eléctrica. Autoliquidación y Pagos fraccionados.;DEPARTAMENTO DE HACIENDA Y FINANZAS;Impuestos especiales
Modelo 480. Impuesto sobre las primas de seguros. Declaración resumen anual.;DEPARTAMENTO DE HACIENDA Y FINANZAS;Primas de seguro
Modelo 30-A. Impuesto sobre actos Transmisiones Patrimoniales y Actos Jurídicos Documentados. Actos jurídicos Documentados. Exceso Letras de Cambio. Declaración-liquidación.;DEPARTAMENTO DE HACIENDA Y FINANZAS;Transmisiones patrimoniales y AJD
Modelo 611. Impuesto sobre Transmisiones Patrimoniales y Actos Jurídicos Documentados. Actos Jurídicos Documentados.;DEPARTAMENTO DE HACIENDA Y FINANZAS;Transmisiones patrimoniales y AJD
Modelo 180. Impuesto sobre la Renta de las Personas Físicas e Impuesto sobre Sociedades. Retenciones e ingresos a cuenta. Rendimientos procedentes del arrendamiento de inmuebles urbanos. Resumen anual.;DEPARTAMENTO DE HACIENDA Y FINANZAS;Retenciones y Pagos a cuenta
Modelo 616. Impuesto sobre Transmisiones Patrimoniales y Actos Jurídicos Documentados. Actos Jurídicos Documentados.;DEPARTAMENTO DE HACIENDA Y FINANZAS;Transmisiones patrimoniales y AJD
Modelo 620. Impuesto sobre Transmisiones Patrimoniales y Actos Jurídicos Documentados. Compra-venta de vehículos usados. Declaración-liquidación.;DEPARTAMENTO DE HACIENDA Y FINANZAS;Elementos transportes (matriculación)
Modelo 621. Impuesto sobre Transmisiones y Actos Jurídicos Documentados. Compraventa de determinados medios de transporte usados entre particulares. Autoliquidación.;DEPARTAMENTO DE HACIENDA Y FINANZAS;Elementos transportes (matriculación)
Modelo 582. Impuesto sobre hidrocarburos. Regularización por reexpedición de productos a otra CA o TH.;DEPARTAMENTO DE HACIENDA Y FINANZAS;Impuestos especiales
Modelo 560. Impuesto sobre la electricidad. Autoliquidación.;DEPARTAMENTO DE HACIENDA Y FINANZAS;Impuestos especiales
Modelo 561. Impuesto sobre la cerveza. Autoliquidación.;DEPARTAMENTO DE HACIENDA Y FINANZAS;Impuestos especiales
Modelo 562. Impuesto sobre productos intermedios. Autoliquidación.;DEPARTAMENTO DE HACIENDA Y FINANZAS;Impuestos especiales
Modelo 563. Impuesto sobre el alcohol y bebidas derivadas. Autoliquidación.;DEPARTAMENTO DE HACIENDA Y FINANZAS;Impuestos especiales
Convocatoria prueba selectiva por el sistema de concurso-oposición  turno libre. Administración especial. Especialidad: Psicologo o Psicologa;DEPART. DE ADMINISTRACIÓN PÚBLICA Y RELAC. INSTITUCIONALES;Empleo Público
Modelo 564. Impuesto sobre hidrocarburos. Autoliquidación. Anterior al 2013;DEPARTAMENTO DE HACIENDA Y FINANZAS;Impuestos especiales
Modelo 566. Impuesto sobre las labores del tabaco. Autoliquidación.;DEPARTAMENTO DE HACIENDA Y FINANZAS;Impuestos especiales
Modelo 580. Impuesto sobre las labores del tabaco. Declaración de operaciones en fábricas y depósitos fiscales de labores del tabaco;DEPARTAMENTO DE HACIENDA Y FINANZAS;Impuestos especiales
Modelo 581. Impuesto sobre hidrocarburos;DEPARTAMENTO DE HACIENDA Y FINANZAS;Impuestos especiales
Modelo DCC. Impuestos especiales sobre el alcohol y bebidas alcohólicas, labores del tabaco y electricidad. Declaración de desglose de cuotas centralizadas.;DEPARTAMENTO DE HACIENDA Y FINANZAS;Impuestos especiales
Modelo 034. Declaración de inicio, modificación o cese de operaciones comprendidas en los regímenes especiales aplicables a los servicios de telecomunicaciones, de radiodifusión o de televisión y a los prestados por vía electrónica en el IVA;DEPARTAMENTO DE HACIENDA Y FINANZAS;Censos, NIF y domicilio fiscal
Solicitud de Cartas de pago de deudas contraídas;DEPARTAMENTO DE HACIENDA Y FINANZAS;Presentación de declaraciones
Modelo 512. Impuesto sobre Hidrocarburos. Relación anual de destinatarios de productos de la tarifa segunda.;DEPARTAMENTO DE HACIENDA Y FINANZAS;Impuestos especiales
Modelo 513. Impuesto sobre la Electricidad. Declaración anual de actividad.;DEPARTAMENTO DE HACIENDA Y FINANZAS;Impuestos especiales
Modelo 521. Impuestos Especiales de Fabricación. Relación trimestral de primeras materias entregadas.;DEPARTAMENTO DE HACIENDA Y FINANZAS;Impuestos especiales
Modelo 524. Impuestos especiales de fabricación. Solicitud de devolución de los impuestos especiales sobre el alcohol y las bebidas alcohólicas.;DEPARTAMENTO DE HACIENDA Y FINANZAS;Impuestos especiales
Modelo 548. Impuestos especiales de fabricación. Declaración informativa de cuotas repercutidas.;DEPARTAMENTO DE HACIENDA Y FINANZAS;Impuestos especiales
Modelo 517. Impuestos especiales de fabricación. Petición de marcas fiscales de impuestos especiales;DEPARTAMENTO DE HACIENDA Y FINANZAS;Impuestos especiales
Modelo 553. Impuesto sobre el vino y bebidas fermentadas. Resumen trimestral de movimientos en fábricas y depósitos fiscales;DEPARTAMENTO DE HACIENDA Y FINANZAS;Impuestos especiales
Modelo 554. Impuesto sobre el alcohol y bebidas derivadas. Declaración de operaciones en fábricas y depósitos fiscales de alcohol;DEPARTAMENTO DE HACIENDA Y FINANZAS;Impuestos especiales
Modelo 569. Impuesto sobre ventas minoristas de determinados Hidrocarburos. Relación de suministros exentos. Declaración-Liquidación. Anterior 2013;DEPARTAMENTO DE HACIENDA Y FINANZAS;Impuestos especiales
Modelo 555. Impuesto sobre productos intermedios. Declaración de operaciones en fábricas y depósitos fiscales;DEPARTAMENTO DE HACIENDA Y FINANZAS;Impuestos especiales
Solicitud de certificado catastral;DEPARTAMENTO DE HACIENDA Y FINANZAS;Catastro
Modelo 557. Impuesto sobre el alcohol y bebidas derivadas. Declaración de operaciones en fábricas y depósitos fiscales de bebidas derivadas;DEPARTAMENTO DE HACIENDA Y FINANZAS;Impuestos especiales
Modelo 558. Impuesto sobre la cerveza. Declaración de operaciones en fábricas y depósitos fiscales de cerveza;DEPARTAMENTO DE HACIENDA Y FINANZAS;Impuestos especiales
Modelo 570. Impuesto sobre Hidrocarburos. Declaración de operaciones en fábricas y depósitos fiscales de hidrocarburos;DEPARTAMENTO DE HACIENDA Y FINANZAS;Impuestos especiales
Modelo 503. Notas de Entrega.  Exenciones por avituallamiento;DEPARTAMENTO DE HACIENDA Y FINANZAS;Impuestos especiales
Modelo 511. Impuestos especiales de fabricación. Relación mensual de notas de entrega de productos con el impuesto devengado a tipo reducido, expedidos por el procedimiento de ventas en ruta.;DEPARTAMENTO DE HACIENDA Y FINANZAS;Impuestos especiales
Modelo 587. Impuesto sobre los Gases Fluorados de Efecto Invernadero. Autoliquidación.;DEPARTAMENTO DE HACIENDA Y FINANZAS;Impuestos especiales
Modelo 510. Impuestos especiales de fabricación. Declaración de operaciones de recepción del resto de la UE;DEPARTAMENTO DE HACIENDA Y FINANZAS;Impuestos especiales
Modelo 20R. Comunicación a efectos de la aplicación del régimen fiscal especial de fusiones, escisiones, aportaciones de activos, canje de valores, cesiones globales del activo y del pasivo y cambio de domicilio social de una sociedad europea o una socied;DEPARTAMENTO DE HACIENDA Y FINANZAS;Sociedades
Modelo 518. Impuesto sobre el alcohol y bebidas derivadas. Declaración de trabajo;DEPARTAMENTO DE HACIENDA Y FINANZAS;Impuestos especiales
Modelo 519. Impuesto sobre el alcohol y bebidas derivadas. Parte de incidencias en operaciones de trabajo;DEPARTAMENTO DE HACIENDA Y FINANZAS;Impuestos especiales
Modelo 520. Impuesto sobre el alcohol y bebidas derivadas. Parte de resultado en operaciones de trabajo;DEPARTAMENTO DE HACIENDA Y FINANZAS;Impuestos especiales
Modelo 596. Impuesto Especial sobre el Carbón. Declaración Resumen anual de operaciones realizadas.;DEPARTAMENTO DE HACIENDA Y FINANZAS;Impuestos especiales
Modelo 100. Impuesto sobre la Renta de las Personas Físicas 2012. Autoliquidación.;DEPARTAMENTO DE HACIENDA Y FINANZAS;IRPF
Modelo 123. Impuesto sobre la Renta de las Personas Físicas, Impuesto sobre Sociedades y sobre la Renta de no Residentes. Declaración-liquidación. Retenciones e ingresos a cuenta sobre determinados rendimientos del capital mobiliario y determinadas rentas;DEPARTAMENTO DE HACIENDA Y FINANZAS;Retenciones y Pagos a cuenta
Modelo 200. Impuesto sobre Sociedades e Impuesto sobre la Renta de no Residentes (establecimientos permanentes) 2012.;DEPARTAMENTO DE HACIENDA Y FINANZAS;Sociedades
Reconocimiento de condición de entidades o establecimientos de carácter social, sobre IVA;DEPARTAMENTO DE HACIENDA Y FINANZAS;Impuesto sobre el valor añadido (IVA)
Autorización presentación conjunta en un documento de declaraciones- liquidaciones IVA de diversos sujetos pasivos;DEPARTAMENTO DE HACIENDA Y FINANZAS;Impuesto sobre el valor añadido (IVA)
Autorizaciones en materia de facturación y libros registros (factura electrónica);DEPARTAMENTO DE HACIENDA Y FINANZAS;Impuesto sobre el valor añadido (IVA)
Modelo 05. Impuesto Especial sobre determinados Medios de Transporte. Solicitud de no sujeción y exención;DEPARTAMENTO DE HACIENDA Y FINANZAS;Elementos transportes (matriculación)
Modelo 650-V. Impuesto sobre Sucesiones y Donaciones. Modelo simplificado para vehículos.;DEPARTAMENTO DE HACIENDA Y FINANZAS;Sucesiones y Donaciones
Modelo 140. Declaración informativa con el contenido del Libro Registro de Operaciones Económicas.;DEPARTAMENTO DE HACIENDA Y FINANZAS;Actividades económicas
Modelo 368. Impuesto sobre el Valor Añadido. Régimen especial aplicable a los servicios de telecomunicaciones, de radiodifusión o de televisión y a los prestados por vía electrónica. Régimen de la Unión. Autoliquidación;DEPARTAMENTO DE HACIENDA Y FINANZAS;Impuesto sobre el valor añadido (IVA)
Modelo 652. Impuesto sobre Sucesiones y Donaciones. Pólizas de Seguros de Vida. Declaración-liquidación. Aitorpena / Declaración;DEPARTAMENTO DE HACIENDA Y FINANZAS;Sucesiones y Donaciones
Presentación telemática por Internet de los documentos para el control de los movimientos de productos de los Impuestos Especiales de Fabricación. LC1;DEPARTAMENTO DE HACIENDA Y FINANZAS;Impuestos especiales
Modelo 03. Solicitud de aplicación del tipo superreducido;DEPARTAMENTO DE HACIENDA Y FINANZAS;Impuesto sobre el valor añadido (IVA)
Modelo 650. Autoliquidación o solicitud de liquidación del Impuesto sobre Sucesiones y Donaciones. Declaración-liquidación. Sucesiones y Herencias.;DEPARTAMENTO DE HACIENDA Y FINANZAS;Sucesiones y Donaciones
Modelo 651. Impuesto sobre Sucesiones y Donaciones. Donaciones. Declaración - Liquidación;DEPARTAMENTO DE HACIENDA Y FINANZAS;Sucesiones y Donaciones
Modelo 651-V. Impuesto sobre Sucesiones y Donaciones. Modelo simplificado para vehículos.;DEPARTAMENTO DE HACIENDA Y FINANZAS;Sucesiones y Donaciones
Modelo 653. Impuesto sobre Sucesiones y Donaciones. Sucesiones y Donaciones. Extinción de usufructo. Autoquidación.;DEPARTAMENTO DE HACIENDA Y FINANZAS;Sucesiones y Donaciones
Procedimiento de apremio;DEPARTAMENTO DE HACIENDA Y FINANZAS;Recaudación tributaria
Autorización como entidad colaboradora en la recaudación de las entidades de crédito.;DEPARTAMENTO DE HACIENDA Y FINANZAS;Recaudación tributaria
Embargos de otras entidades.;DEPARTAMENTO DE HACIENDA Y FINANZAS;Recaudación tributaria
Modelo 218. Impuesto sobre Sociedades e IRNR (establecimientos permanentes y entidades en régimen de atribución de rentas constituidas en el extranjero con presencia en territorio español). Grandes Empresas. Pago fraccionado;DEPARTAMENTO DE HACIENDA Y FINANZAS;Sociedades
Modelo 220. Impuesto sobre Sociedades 2012. Régimen de tributación de los grupos de sociedades.;DEPARTAMENTO DE HACIENDA Y FINANZAS;Sociedades
Modelo 222. Pago fraccionado Impuesto sobre Sociedades Régimen consolidación fiscal.;DEPARTAMENTO DE HACIENDA Y FINANZAS;Sociedades
Modelo 150. Impuesto sobre la Renta de las Personas Físicas. Regimen especial de tributación por el impuesto sobre la Renta de no Residentes (art. 4.3 NF IRPF). Autoliquidación;DEPARTAMENTO DE HACIENDA Y FINANZAS;Renta de No Residentes
Modelo 210. Impuesto sobre la Renta de no Residentes. No Residentes sin establecimiento permanente. Declaración-liquidación. Importante: Modelo para presentar declaraciones posteriores a 01/01/2012, incluidas las rentas procedentes de ganancias y pérdidas;DEPARTAMENTO DE HACIENDA Y FINANZAS;Renta de No Residentes
Modelo 211. Impuesto sobre la Renta de las Personas Físicas. Retención en la adquisición de inmuebles a no residentes sin establecimiento permanente. Declaración-Liquidación.;DEPARTAMENTO DE HACIENDA Y FINANZAS;Renta de No Residentes
Modelo 212. Impuesto sobre la Renta de no Residentes. No Residentes sin establecimiento permanente. Declaración-liquidación. Ganancias y perdidas patrimoniales derivadas de transmisiones de bienes inmuebles.;DEPARTAMENTO DE HACIENDA Y FINANZAS;Renta de No Residentes
Modelo 213. Impuesto sobre la Renta de no Residentes. Gravamen Especial sobre Bienes Inmuebles de Entidades no Residentes. Declaración-liquidación;DEPARTAMENTO DE HACIENDA Y FINANZAS;Renta de No Residentes
Modelo 215. 2012. Impuesto sobre la Renta de no Residentes. No residentes sin establecimiento permanente. Declaración-liquidación.;DEPARTAMENTO DE HACIENDA Y FINANZAS;Renta de No Residentes
Modelo 216. Impuesto sobre la Renta de no Residentes. No Residentes sin establecimiento permanente. Declaración-liquidación. Retenciones e ingresos a cuenta.;DEPARTAMENTO DE HACIENDA Y FINANZAS;Renta de No Residentes
Modelo 296. Impuesto sobre la Renta de no residentes. No Residentes sin establecimiento permanente.;DEPARTAMENTO DE HACIENDA Y FINANZAS;Renta de No Residentes
Solicitud de certificado de No Renta;DEPARTAMENTO DE HACIENDA Y FINANZAS;Presentación de declaraciones
Solicitud de certificado de Bienes;DEPARTAMENTO DE HACIENDA Y FINANZAS;Presentación de declaraciones
Exención en I.R.P.F. de premios literarios, artísticos o científicos;DEPARTAMENTO DE HACIENDA Y FINANZAS;IRPF
Ampliación del plazo de 4 años para la deducción por adquisición y rehabilitación de la vivienda habitual;DEPARTAMENTO DE HACIENDA Y FINANZAS;IRPF
Autorización de porcentajes de participación en el capital social de entidades no cooperativas superiores a los fijados en la N. F. 9/1997;DEPARTAMENTO DE HACIENDA Y FINANZAS;Sociedades
Libertad de amortización de activos afectos a la corrección del impacto contaminante de las empresas y de activos relacionados con la limpieza de suelos contaminados;DEPARTAMENTO DE HACIENDA Y FINANZAS;Sociedades
Planes de Amortización para empresarios y profesionales;DEPARTAMENTO DE HACIENDA Y FINANZAS;Sociedades
Planes de Reinversión para empresarios y profesionales;DEPARTAMENTO DE HACIENDA Y FINANZAS;Sociedades
Propuestas de imputación  temporal ingresos y gastos;DEPARTAMENTO DE HACIENDA Y FINANZAS;Sociedades
Valoración de las operaciones vinculadas;DEPARTAMENTO DE HACIENDA Y FINANZAS;Sociedades
Modelo 115. Impuesto sobre la Renta de las Personas Físicas e Impuesto sobre Sociedades. Retenciones e ingresos a cuenta. Declaración-documento de ingreso;DEPARTAMENTO DE HACIENDA Y FINANZAS;Retenciones y Pagos a cuenta
No integración en el Impuesto sobre Sociedades de rentas obtenidas en el extranjero por entidades unidas mediante fórmulas de colaboración análogas a las Uniones Temporales de Empresas;DEPARTAMENTO DE HACIENDA Y FINANZAS;Sociedades
Comunicación de opción de entidades de tenencia de valores extranjeros;DEPARTAMENTO DE HACIENDA Y FINANZAS;Sociedades
Modelo 117. IRPF, Impuesto sobre Sociedades e Impuesto sobre la Renta de no Residentes (establecimientos permanentes). Declaración-documento de ingreso. Rentas o ganancias patrimoniales obtenidas como consecuencia de las transmisiones o reembolsos de acci;DEPARTAMENTO DE HACIENDA Y FINANZAS;Retenciones y Pagos a cuenta
Modelo 124. Impuesto sobre la Renta de las Personas Físicas y de los no residentes. Impuesto sobre Sociedades. Declaración-liquidación. Retenciones e ingresos a cuenta sobre rendimientos del capital mobiliario y rentas derivadas de la transmisión, amortiz;DEPARTAMENTO DE HACIENDA Y FINANZAS;Retenciones y Pagos a cuenta
Modelo 126. Impuesto sobre la Renta de las Personas Físicas, Impuesto sobre Sociedades e Impuesto sobre la Renta de los no residentes (establecimientos permanentes). Declaración-liquidación. Retenciones e ingresos a cuenta sobre rendimientos y rentas del;DEPARTAMENTO DE HACIENDA Y FINANZAS;Retenciones y Pagos a cuenta
Modelo 128. Impuesto sobre la Renta de las Personas Físicas, Impuesto sobre Sociedades e Impuesto sobre la Renta de los no residentes (establecimientos permanentes). Declaración-liquidación. Rentas o rendimientos del capital mobiliario procedentes de oper;DEPARTAMENTO DE HACIENDA Y FINANZAS;Retenciones y Pagos a cuenta
Modelo 188. Impuesto sobre la Renta de las Personas Físicas, Impuesto sobre Sociedades y sobre la Renta de no Residentes. Retenciones e ingresos a cuenta. Rentas o rendimientos del capital mobiliario procedentes de operaciones de capitalización y de contr;DEPARTAMENTO DE HACIENDA Y FINANZAS;Retenciones y Pagos a cuenta
Modelo 187. Declaración informativa de acciones y participaciones representativas del capital o patrimonio de las instituciones de inversión colectiva. Resumen anual: retenciones e ingresos a cuenta. Impuesto sobre la Renta de las Personas Físicas, Impues;DEPARTAMENTO DE HACIENDA Y FINANZAS;Retenciones y Pagos a cuenta
Modelo 193. Impuesto sobre la Renta de las Persona Físicas, Impuesto sobre Sociedades y sobre la Renta de no Residentes. Retenciones e ingresos a cuenta. Retenciones e ingresos a cuenta sobre determinados rendimientos del capital mobiliario y determinadas;DEPARTAMENTO DE HACIENDA Y FINANZAS;Retenciones y Pagos a cuenta
Modelo 194. Impuesto sobre la Renta de las Personas Físicas, Impuesto sobre Sociedades y sobre la Renta de no Residentes. Retenciones e ingresos a cuenta. Retenciones e ingresos a cuenta sobre rendimientos del capital mobiliario y rentas derivadas de la t;DEPARTAMENTO DE HACIENDA Y FINANZAS;Retenciones y Pagos a cuenta
Modelo 230. Retenciones e ingresos a cuenta del Gravamen Especial sobre los premios de determinadas loterías y apuestas. Autoliquidación.;DEPARTAMENTO DE HACIENDA Y FINANZAS;Retenciones y Pagos a cuenta
Modelo 196. Impuesto sobre la Renta de las Personas Físicas, Impuesto sobre Sociedades y sobre la Renta de no Residentes. Retenciones e ingresos a cuenta. Rendimientos del capital mobiliario y rentas obtenidos por la contraprestación derivada de cuentas e;DEPARTAMENTO DE HACIENDA Y FINANZAS;Retenciones y Pagos a cuenta
Modelo 720. Bienes y derechos situados en el extranjero.;DEPARTAMENTO DE HACIENDA Y FINANZAS;Declaraciones Informativas
Visado de autorizaciones de Transporte Público de viajeros en autobús;DEPARTAMENTO DE TRANSPORTES Y MOVILIDAD SOSTENIBLE;Autorizaciones, licencias y permisos
Sustitución de vehiculo de transporte público de viajeros en autobús.;DEPARTAMENTO DE TRANSPORTES Y MOVILIDAD SOSTENIBLE;Autorizaciones, licencias y permisos
Derivación de Responsabilidad;DEPARTAMENTO DE HACIENDA Y FINANZAS;Recaudación tributaria
Nueva autorización transporte público de viajeros en autobús;DEPARTAMENTO DE TRANSPORTES Y MOVILIDAD SOSTENIBLE;Autorizaciones, licencias y permisos
Convocatoria destinada a financiar los proyectos culturales que gestionan  las Federaciones Culturales  del Territorio Histórico de Bizkaia  en el ámbito de la cultura tradicional y el folklore vasco;DEPARTAMENTO DE EUSKERA, CULTURA Y DEPORTE;Ayudas, subvenciones, prestaciones, pensiones y becas
Reducción de copias de autorización transporte público de viajeros en autobús.;DEPARTAMENTO DE TRANSPORTES Y MOVILIDAD SOSTENIBLE;Autorizaciones, licencias y permisos
Rehabilitación de autorización de transporte público de viajeros en autobús;DEPARTAMENTO DE TRANSPORTES Y MOVILIDAD SOSTENIBLE;Autorizaciones, licencias y permisos
Cesión de autorización de transporte público de viajeros en autobús.;DEPARTAMENTO DE TRANSPORTES Y MOVILIDAD SOSTENIBLE;Autorizaciones, licencias y permisos
Recurso contra la ejecución.  Cuando el interesado está disconforme con la ejecución de la Resolución del TEAF;DEPARTAMENTO DE HACIENDA Y FINANZAS;Revisión de actos, recursos administrativos y reclamaciones
Baja cautelar en el registro de devoluciones mensuales de IVA (RDM);DEPARTAMENTO DE HACIENDA Y FINANZAS;Censos, NIF y domicilio fiscal
Solicitud de inscripción en el registro especial de uniones temporales de empresas.;DEPARTAMENTO DE HACIENDA Y FINANZAS;Censos, NIF y domicilio fiscal
Solicitud del regimen especial de entidades sin fines lucrativos (norma foral 1/2004);DEPARTAMENTO DE HACIENDA Y FINANZAS;Censos, NIF y domicilio fiscal
Declaración de alta, variación o baja en el IAE para sujetos pasivos exentos en el IAE;DEPARTAMENTO DE HACIENDA Y FINANZAS;Censos, NIF y domicilio fiscal
Solicitud de alta y baja en el registro operadores intracomunitarios (ROI);DEPARTAMENTO DE HACIENDA Y FINANZAS;Censos, NIF y domicilio fiscal
Denuncia Pública;DEPARTAMENTO DE HACIENDA Y FINANZAS;Inspección tributaria
Solicitud de alta y baja en el registro de devoluciones mensuales de IVA (RDM);DEPARTAMENTO DE HACIENDA Y FINANZAS;Censos, NIF y domicilio fiscal
Comunicación de la condición de Gran Empresa;DEPARTAMENTO DE HACIENDA Y FINANZAS;Censos, NIF y domicilio fiscal
Recurso extraordinario de revisión.  Contra actos firmes de la Administración o del TEAF cuando concurran las circunstancias del 246 de la NFGT 2/2005;DEPARTAMENTO DE HACIENDA Y FINANZAS;Revisión de actos, recursos administrativos y reclamaciones
Solicitud de alta, modificación o baja en el regimen especial de grupos de sociedades en el impuesto sobre sociedades;DEPARTAMENTO DE HACIENDA Y FINANZAS;Censos, NIF y domicilio fiscal
Baja cautelar en el registro de operadores intracomunitarios (ROI);DEPARTAMENTO DE HACIENDA Y FINANZAS;Censos, NIF y domicilio fiscal
Baja en el índice de entidades (IE);DEPARTAMENTO DE HACIENDA Y FINANZAS;Censos, NIF y domicilio fiscal
Solicitud de rehabilitación en el índice de entidades (IE);DEPARTAMENTO DE HACIENDA Y FINANZAS;Censos, NIF y domicilio fiscal
Solicitud del NIF por personas jurídicas y entidades sin personalidad jurídica;DEPARTAMENTO DE HACIENDA Y FINANZAS;Censos, NIF y domicilio fiscal
Procedimiento sumario exclusivamente para los supuestos del artículo 245 bis de la NFGT 2/2005. Recurso de anulación;DEPARTAMENTO DE HACIENDA Y FINANZAS;Revisión de actos, recursos administrativos y reclamaciones
Revocación del NIF a personas jurídicas y entidades sin personalidad jurídica.;DEPARTAMENTO DE HACIENDA Y FINANZAS;Censos, NIF y domicilio fiscal
Rehabilitación del NIF a personas jurídicas y entidades sin personalidad jurídica.;DEPARTAMENTO DE HACIENDA Y FINANZAS;Censos, NIF y domicilio fiscal
Solicitud de certificado de Bienes 5 años;DEPARTAMENTO DE HACIENDA Y FINANZAS;Presentación de declaraciones
Solicitud de certificado de Bienes y Renta;DEPARTAMENTO DE HACIENDA Y FINANZAS;Presentación de declaraciones
Reclamaciones económico-administrativas. Procedimiento ordinario contra actos de aplicación de tributos, de imposición de sanciones tributarias y de recaudación e otros ingresos de derecho público.;DEPARTAMENTO DE HACIENDA Y FINANZAS;Revisión de actos, recursos administrativos y reclamaciones
Modelo 130. Impuesto sobre la Renta de las Personas Físicas. Pago fraccionado. Empresarios y profesionales;DEPARTAMENTO DE HACIENDA Y FINANZAS;IRPF
Modelo 100. Impuesto sobre la Renta de las Personas Físicas 2013. Autoliquidación.;DEPARTAMENTO DE HACIENDA Y FINANZAS;IRPF
Modelo 714. Impuesto sobre el Patrimonio 2013. Autoliquidación.;DEPARTAMENTO DE HACIENDA Y FINANZAS;IRPF
Procedimiento de comprobación e investigación.;DEPARTAMENTO DE HACIENDA Y FINANZAS;Inspección tributaria
Procedimiento para la condonación de sanciones tributarias;DEPARTAMENTO DE HACIENDA Y FINANZAS;Presentación de declaraciones
Tasación pericial contradictoria (TPC);DEPARTAMENTO DE HACIENDA Y FINANZAS;Presentación de declaraciones
Recurso de reposición tributario.;DEPARTAMENTO DE HACIENDA Y FINANZAS;Presentación de declaraciones
Alta de Obra nueva;DEPARTAMENTO DE HACIENDA Y FINANZAS;Catastro
Ampliación/Reforma/Rehabilitación;DEPARTAMENTO DE HACIENDA Y FINANZAS;Catastro
Cambio de uso/cultivo;DEPARTAMENTO DE HACIENDA Y FINANZAS;Catastro
Consultas tributarias escritas formuladas por los contribuyentes;DEPARTAMENTO DE HACIENDA Y FINANZAS;Presentación de declaraciones
Corrección de características catastrales;DEPARTAMENTO DE HACIENDA Y FINANZAS;Catastro
Corrección del titular;DEPARTAMENTO DE HACIENDA Y FINANZAS;Catastro
Demolición total/parcial;DEPARTAMENTO DE HACIENDA Y FINANZAS;Catastro
División horizontal;DEPARTAMENTO DE HACIENDA Y FINANZAS;Catastro
Reparcelación;DEPARTAMENTO DE HACIENDA Y FINANZAS;Catastro
Segregación/agrupación;DEPARTAMENTO DE HACIENDA Y FINANZAS;Catastro
Transmisión de titularidad;DEPARTAMENTO DE HACIENDA Y FINANZAS;Catastro
Procedimiento de devolución de ingresos indebidos;DEPARTAMENTO DE HACIENDA Y FINANZAS;Presentación de declaraciones
Procedimiento de rectificación de errores;DEPARTAMENTO DE HACIENDA Y FINANZAS;Presentación de declaraciones
Procedimiento de revisión de actos nulos de pleno derecho;DEPARTAMENTO DE HACIENDA Y FINANZAS;Presentación de declaraciones
Procedimiento para la rectificación de autoliquidaciones;DEPARTAMENTO DE HACIENDA Y FINANZAS;Presentación de declaraciones
Procedimiento para el reconocimiento de beneficios fiscales rogados;DEPARTAMENTO DE HACIENDA Y FINANZAS;Presentación de declaraciones
Procedimiento para la declaración de lesividad de actos anulables;DEPARTAMENTO DE HACIENDA Y FINANZAS;Presentación de declaraciones
Procedimiento para la revocación de actos de aplicación de los tributos;DEPARTAMENTO DE HACIENDA Y FINANZAS;Presentación de declaraciones
Solicitud de certificado de Renta;DEPARTAMENTO DE HACIENDA Y FINANZAS;Presentación de declaraciones
Propuestas previas de tributación presentadas por los contribuyentes;DEPARTAMENTO DE HACIENDA Y FINANZAS;Presentación de declaraciones
Opción/Renuncia de regimenes especiales de IVA y/o modalidad de determinación del rendimiento neto de las actividades económicas en el IRPF;DEPARTAMENTO DE HACIENDA Y FINANZAS;Censos, NIF y domicilio fiscal
Procedimiento de comprobación limitada;DEPARTAMENTO DE HACIENDA Y FINANZAS;Presentación de declaraciones
Procedimiento de comprobación de valores;DEPARTAMENTO DE HACIENDA Y FINANZAS;Presentación de declaraciones
Solicitud de valor mínimo atribuible (VMA);DEPARTAMENTO DE HACIENDA Y FINANZAS;Catastro
Solicitud de certificado de Renta 5 años;DEPARTAMENTO DE HACIENDA Y FINANZAS;Presentación de declaraciones
Solicitud de compensación de deudas de cuenta corriente tributaria.;DEPARTAMENTO DE HACIENDA Y FINANZAS;Recaudación tributaria
Devolución del impuesto de hidrocarburos por productos mezclados o contaminados;DEPARTAMENTO DE HACIENDA Y FINANZAS;Impuestos especiales
Devolución Impuesto Especial del Alcohol y Bebidas Derivadas (en relación con bebidas de fabricación artesanal destinadas a una fabrica de bebidas derivadas);DEPARTAMENTO DE HACIENDA Y FINANZAS;Impuestos especiales
Devolución Impuesto sobre labores del tabaco por destrucción de labores del Tabaco;DEPARTAMENTO DE HACIENDA Y FINANZAS;Impuestos especiales
Devolución Impuesto sobre labores del tabaco por devolución de Labores del Tabaco a fábrica o depósito fiscal;DEPARTAMENTO DE HACIENDA Y FINANZAS;Impuestos especiales
Exenciones de impuesto de hidrocarburos;DEPARTAMENTO DE HACIENDA Y FINANZAS;Impuestos especiales
Convocatoria prueba selectiva por el sistema de concurso-oposición  turno libre. Administración especial. Especialidad: Ingeniero o Ingeniera Técnica Industrial;DEPART. DE ADMINISTRACIÓN PÚBLICA Y RELAC. INSTITUCIONALES;Empleo Público
Censo del gasóleo profesional. Beneficiarios, Vehículos e instalaciones.;DEPARTAMENTO DE HACIENDA Y FINANZAS;Impuestos especiales
Declaración de Km recorridos.;DEPARTAMENTO DE HACIENDA Y FINANZAS;Impuestos especiales
Exención por análisis científico o de calidad de Labores del Tabaco, en Impuesto sobre las labores del tabaco;DEPARTAMENTO DE HACIENDA Y FINANZAS;Impuestos especiales
Liquidación de IAE para municipios con convenio de colaboración con la Hacienda Foral de Bizkaia;DEPARTAMENTO DE HACIENDA Y FINANZAS;Actividades económicas
Modelo 200. Impuesto sobre Sociedades e Impuesto sobre la Renta de no Residentes (establecimientos permanentes) 2013.;DEPARTAMENTO DE HACIENDA Y FINANZAS;Sociedades
Procedimiento sancionador por infracciones contra la legislación autonómica de transporte de viajeros por carretera;DEPARTAMENTO DE TRANSPORTES Y MOVILIDAD SOSTENIBLE;Infracciones y sanciones
Compensaciones de oficio;DEPARTAMENTO DE HACIENDA Y FINANZAS;Recaudación tributaria
Expedición de la tarjeta de Certificado de Aptitud Profesional (CAP);DEPARTAMENTO DE TRANSPORTES Y MOVILIDAD SOSTENIBLE;Otros
Expedición y diligenciado de libro de ruta;DEPARTAMENTO DE TRANSPORTES Y MOVILIDAD SOSTENIBLE;Otros
Procedimiento de embargo;DEPARTAMENTO DE HACIENDA Y FINANZAS;Recaudación tributaria
Procedimiento de enajenación de bienes;DEPARTAMENTO DE HACIENDA Y FINANZAS;Recaudación tributaria
Procedimiento de medidas cautelares;DEPARTAMENTO DE HACIENDA Y FINANZAS;Recaudación tributaria
Procedimiento de tercerías en el ámbito de procedimientos ejecutivos.;DEPARTAMENTO DE HACIENDA Y FINANZAS;Recaudación tributaria
Reconocimiento de la situación de la exclusión social;DEPARTAMENTO DE EMPLEO, INCLUSIÓN SOCIAL E IGUALDAD;Otros
Modelo 043J. Impuesto sobre actividades de juego en los supuestos de actividades anuales y plurianuales;DEPARTAMENTO DE HACIENDA Y FINANZAS;Juego
Visado de autorizaciones de Transporte Sanitario (Ambulancias);DEPARTAMENTO DE TRANSPORTES Y MOVILIDAD SOSTENIBLE;Autorizaciones, licencias y permisos
Visado de autorizaciones de Transporte Público de viajeros. (Alquiler con conductor);DEPARTAMENTO DE TRANSPORTES Y MOVILIDAD SOSTENIBLE;Autorizaciones, licencias y permisos
Solicitud de guías de traslado a vida;DEPARTAMENTO DE SOSTENIBILIDAD Y MEDIO NATURAL;Registros, homologaciones e inscripciones
Solicitud de certificado de Deudas;DEPARTAMENTO DE HACIENDA Y FINANZAS;Presentación de declaraciones
Autorización de concentraciones ganaderas y pruebas de deporte rural.;DEPARTAMENTO DE SOSTENIBILIDAD Y MEDIO NATURAL;Autorizaciones, licencias y permisos
Modelo 220. Impuesto sobre Sociedades 2013. Régimen de tributación de los grupos de sociedades.;DEPARTAMENTO DE HACIENDA Y FINANZAS;Sociedades
Solicitud de certificado de Situación Tributaria;DEPARTAMENTO DE HACIENDA Y FINANZAS;Presentación de declaraciones
Solicitud de certificado de Situación tributaria de 5 años;DEPARTAMENTO DE HACIENDA Y FINANZAS;Presentación de declaraciones
Modelo 220. Impuesto sobre Sociedades 2014. Régimen de tributación de los grupos de sociedades.;DEPARTAMENTO DE HACIENDA Y FINANZAS;Sociedades
Solicitud de certificado de Patrimonio;DEPARTAMENTO DE HACIENDA Y FINANZAS;Presentación de declaraciones
Modelo 200. Impuesto sobre Sociedades e Impuesto sobre la Renta de no Residentes (establecimientos permanentes) 2014.;DEPARTAMENTO DE HACIENDA Y FINANZAS;Sociedades
Solicitud de certificado de Renta y patrimonio;DEPARTAMENTO DE HACIENDA Y FINANZAS;Presentación de declaraciones
Solicitud de certificado de NIF de un contribuyente;DEPARTAMENTO DE HACIENDA Y FINANZAS;Presentación de declaraciones
Modelo 586. Declaración recapitulativa anual de operaciones con gases fluorados de efecto invernadero.;DEPARTAMENTO DE HACIENDA Y FINANZAS;Impuestos especiales
Solicitud de certificado de Cuenta Bancaria;DEPARTAMENTO DE HACIENDA Y FINANZAS;Presentación de declaraciones
Solicitud de certificado de Cuentas 5 años;DEPARTAMENTO DE HACIENDA Y FINANZAS;Presentación de declaraciones
Solicitud de certificado de Ingresos 190;DEPARTAMENTO DE HACIENDA Y FINANZAS;Presentación de declaraciones
Solicitud de certificado de IAE;DEPARTAMENTO DE HACIENDA Y FINANZAS;Presentación de declaraciones
Convocatoria prueba selectiva por el sistema de concurso-oposición libre. Administración especial. Especialidad Trabajo social;DEPART. DE ADMINISTRACIÓN PÚBLICA Y RELAC. INSTITUCIONALES;Empleo Público
Solicitud de certificado de IAE 5 años;DEPARTAMENTO DE HACIENDA Y FINANZAS;Presentación de declaraciones
Convocatoria destinada a financiar los proyectos culturales que gestionan  las Federaciones Culturales  del Territorio Histórico de Bizkaia  en el ámbito de la cultura tradicional y el folklore vasco;DEPARTAMENTO DE EUSKERA, CULTURA Y DEPORTE;Ayudas, subvenciones, prestaciones, pensiones y becas
Solicitud de certificado de Bienes inmuebles;DEPARTAMENTO DE HACIENDA Y FINANZAS;Presentación de declaraciones
Solicitud de certificado de Bienes inmuebles 5 años;DEPARTAMENTO DE HACIENDA Y FINANZAS;Presentación de declaraciones
Solicitud de certificado para Contratación;DEPARTAMENTO DE HACIENDA Y FINANZAS;Presentación de declaraciones
Solicitud de certificado de Situación Positiva.;DEPARTAMENTO DE HACIENDA Y FINANZAS;Presentación de declaraciones
Solicitud de Cartas de pago parciales;DEPARTAMENTO DE HACIENDA Y FINANZAS;Presentación de declaraciones
Modelo 270. Gravamen especial sobre los premios de determinadas loterías y apuestas. Resumen anual de retenciones e ingresos a cuenta.;DEPARTAMENTO DE HACIENDA Y FINANZAS;Retenciones y Pagos a cuenta
Modelo 714. Impuesto sobre el Patrimonio 2014. Autoliquidación.;DEPARTAMENTO DE HACIENDA Y FINANZAS;IRPF
Modelo 410. Impuesto sobre los Depósitos en las Entidades de Crédito. Autoliquidación. Pago a cuenta;DEPARTAMENTO DE HACIENDA Y FINANZAS;Sociedades
Autorización para realizar transporte público regular de uso especial de escolares;DEPARTAMENTO DE TRANSPORTES Y MOVILIDAD SOSTENIBLE;Autorizaciones, licencias y permisos
Programa de intervención familiar especializado en violencia filio-parental;DEPARTAMENTO DE EMPLEO, INCLUSIÓN SOCIAL E IGUALDAD;Informes y asesoramientos
Derecho de acceso a la información pública;UNIDAD DE APOYO AL DIPUTADO GENERAL;Otros
Subvenciones para la promoción de investigaciones arqueológicas y paleontológicas en el Territorio Histórico de Bizkaia.;DEPARTAMENTO DE EUSKERA, CULTURA Y DEPORTE;Ayudas, subvenciones, prestaciones, pensiones y becas
Subvenciones para la realización de intervenciones constructivas de rehabilitación del patrimonio cultural inmueble de Bizkaia.;DEPARTAMENTO DE EUSKERA, CULTURA Y DEPORTE;Ayudas, subvenciones, prestaciones, pensiones y becas
Procedimiento de Revisión de Valores Catastrales;DEPARTAMENTO DE HACIENDA Y FINANZAS;Catastro
Convocatoria destinada a financiar  la realización de proyectos culturales en el Territorio Histórico de Bizkaia;DEPARTAMENTO DE EUSKERA, CULTURA Y DEPORTE;Ayudas, subvenciones, prestaciones, pensiones y becas
Convocatoria destinada a financiar parcialmente los gastos de funcionamiento y mejora de los instrumentos de gestión de las Asociaciones Culturales, las Federaciones de Asociaciones Culturales y las Fundaciones Culturales Privadas (PROGRAMA SENDOTU);DEPARTAMENTO DE EUSKERA, CULTURA Y DEPORTE;Ayudas, subvenciones, prestaciones, pensiones y becas
Modelo 100. Impuesto sobre la Renta de las Personas Físicas 2015. Autoliquidación.;DEPARTAMENTO DE HACIENDA Y FINANZAS;IRPF
Modelo 714. Impuesto sobre el Patrimonio 2015. Autoliquidación.;DEPARTAMENTO DE HACIENDA Y FINANZAS;IRPF
Subvenciones para la realización de actividades arqueológicas y paleontológicas necesarias como consecuencia de obras o hallazgos casuales;DEPARTAMENTO DE EUSKERA, CULTURA Y DEPORTE;Ayudas, subvenciones, prestaciones, pensiones y becas
Modelo 603 Impuesto Sobre Transmisiones Patrimoniales y Actos Jurídicos Documentados;DEPARTAMENTO DE HACIENDA Y FINANZAS;Transmisiones patrimoniales y AJD
Modelo 200. Impuesto sobre Sociedades e Impuesto sobre la Renta de no Residentes (establecimientos permanentes) 2015.;DEPARTAMENTO DE HACIENDA Y FINANZAS;Sociedades
Modelo 220. Impuesto sobre Sociedades 2015. Régimen de consolidación fiscal;DEPARTAMENTO DE HACIENDA Y FINANZAS;Sociedades
Nombramientos accidentales en puestos de secretaria, intervención, secretaría-intervención y tesorería;DEPART. DE ADMINISTRACIÓN PÚBLICA Y RELAC. INSTITUCIONALES;Otros
Solicitud de acceso a la aplicación para la tramitación de autorizaciones de transporte público regular de viajeras/os de uso especial;DEPARTAMENTO DE TRANSPORTES Y MOVILIDAD SOSTENIBLE;Registros, homologaciones e inscripciones
Emplazamiento a interesados/as;DEPART. DE ADMINISTRACIÓN PÚBLICA Y RELAC. INSTITUCIONALES;Empleo Público
Información reservada;DEPART. DE ADMINISTRACIÓN PÚBLICA Y RELAC. INSTITUCIONALES;Empleo Público
Expediente disciplinario;DEPART. DE ADMINISTRACIÓN PÚBLICA Y RELAC. INSTITUCIONALES;Empleo Público
Procedimiento de Compatibilidad;DEPART. DE ADMINISTRACIÓN PÚBLICA Y RELAC. INSTITUCIONALES;Empleo Público
Subvenciones para la realización de intervenciones constructivas de rehabilitación del patrimonio cultural inmueble de Bizkaia.;DEPARTAMENTO DE EUSKERA, CULTURA Y DEPORTE;Ayudas, subvenciones, prestaciones, pensiones y becas
Mujer: PROGRAMA REGULADOR  DE LAS CONDICIONES DE ACCESO Y LAS CONDICIONES DE ACCESO Y CONCESIÓN DE AYUDAS ECONÓMICAS  INDIVIDUALES PARA INGRESO EN CENTRO DE ACOGIMIENTO DE LA MUJER;DEPARTAMENTO DE EMPLEO, INCLUSIÓN SOCIAL E IGUALDAD;Otros
Sostenibilidad financiera;DEPART. DE ADMINISTRACIÓN PÚBLICA Y RELAC. INSTITUCIONALES;Informes y asesoramientos
Ejecución de Sentencias;DEPART. DE ADMINISTRACIÓN PÚBLICA Y RELAC. INSTITUCIONALES;Empleo Público
Nombramiento interino de funcionarios de habilitación de carácter nacional.;DEPART. DE ADMINISTRACIÓN PÚBLICA Y RELAC. INSTITUCIONALES;Otros
Convocatoria prueba selectiva por el sistema de concurso-oposición libre. Administración general. Especialidad Técnico o Técnica de Administración General;DEPART. DE ADMINISTRACIÓN PÚBLICA Y RELAC. INSTITUCIONALES;Empleo Público
Convocatoria prueba selectiva por el sistema de oposición libre. Administración especial. Especialidad Bombero o Bombera Conductora;DEPART. DE ADMINISTRACIÓN PÚBLICA Y RELAC. INSTITUCIONALES;Empleo Público
Convocatoria prueba selectiva por el sistema de concurso-oposición libre y promocion interna. Administración especial. Especialidad: Subinspector o Subinspectora de Tributos;DEPART. DE ADMINISTRACIÓN PÚBLICA Y RELAC. INSTITUCIONALES;Empleo Público
Convocatoria prueba selectiva por el sistema de concurso-oposición libre y promocion interna. Administración especial. Especialidad: Técnico o Técnica Media de GestiónAdministrativa Financiera;DEPART. DE ADMINISTRACIÓN PÚBLICA Y RELAC. INSTITUCIONALES;Empleo Público
Premio literario infantil y juvenil BizkaIdatz Txikia III (2016-2017).;DEPARTAMENTO DE EUSKERA, CULTURA Y DEPORTE;Concursos, premios y reconocimientos
Otros Informes destinados a las Entidades Locales;DEPART. DE ADMINISTRACIÓN PÚBLICA Y RELAC. INSTITUCIONALES;Informes y asesoramientos
Toma de razón modificación de créditos;DEPART. DE ADMINISTRACIÓN PÚBLICA Y RELAC. INSTITUCIONALES;Informes y asesoramientos
Toma de razón de operaciones de créditos;DEPART. DE ADMINISTRACIÓN PÚBLICA Y RELAC. INSTITUCIONALES;Informes y asesoramientos
Nombramiento provisional de funcionarios de habilitación de carácter nacional.;DEPART. DE ADMINISTRACIÓN PÚBLICA Y RELAC. INSTITUCIONALES;Otros
Nombramiento en comisión circunstancial;DEPART. DE ADMINISTRACIÓN PÚBLICA Y RELAC. INSTITUCIONALES;Otros
Autorización enajenación de bienes;DEPART. DE ADMINISTRACIÓN PÚBLICA Y RELAC. INSTITUCIONALES;Otros
Consignaciones nominativas, ayudas directas y aportaciones a entidades del sector público;DEPARTAMENTO DE HACIENDA Y FINANZAS;Ayudas, subvenciones, prestaciones, pensiones y becas
Convocatoria destinada a fomentar la realización de exposiciones coordinadas entre las diferentes salas de exposiciones de titularidad municipal;DEPARTAMENTO DE EUSKERA, CULTURA Y DEPORTE;Ayudas, subvenciones, prestaciones, pensiones y becas
Convocatoria destinada a la realización de actividades culturales por parte de Ayuntamientos de Bizkaia de menos de 5.000 habitantes;DEPARTAMENTO DE EUSKERA, CULTURA Y DEPORTE;Ayudas, subvenciones, prestaciones, pensiones y becas
Convocatoria destinada a la Muestra Itinerante de Artes Visuales Ertibil-Bizkaia;DEPARTAMENTO DE EUSKERA, CULTURA Y DEPORTE;Ayudas, subvenciones, prestaciones, pensiones y becas
Sustitución de vehículo de transporte público de viajeros en vehículos de turismo.;DEPARTAMENTO DE TRANSPORTES Y MOVILIDAD SOSTENIBLE;Autorizaciones, licencias y permisos
Comunicación de Nacimiento y Emisión del Documento de Identificación Bovina (D.I.B.);DEPARTAMENTO DE SOSTENIBILIDAD Y MEDIO NATURAL;Autorizaciones, licencias y permisos
Cesión de la autorización de transporte público de viajeros en vehículos de turismo.;DEPARTAMENTO DE TRANSPORTES Y MOVILIDAD SOSTENIBLE;Autorizaciones, licencias y permisos
Aceptación de solicitud única y declaración de superficies;DEPARTAMENTO DE SOSTENIBILIDAD Y MEDIO NATURAL;Ayudas, subvenciones, prestaciones, pensiones y becas
Nueva autorización de transporte público de viajeros en vehículos de turismo.;DEPARTAMENTO DE TRANSPORTES Y MOVILIDAD SOSTENIBLE;Autorizaciones, licencias y permisos
Registro de artesanos de Bizkaia;DEPARTAMENTO DE PROMOCIÓN ECONÓMICA;Registros, homologaciones e inscripciones
Solicitud de Libro de Establo;DEPARTAMENTO DE SOSTENIBILIDAD Y MEDIO NATURAL;Certificaciones y declaraciones
Procedimiento sancionador: Caza.;DEPARTAMENTO DE SOSTENIBILIDAD Y MEDIO NATURAL;Infracciones y sanciones
Convocatoria prueba selectiva por el sistema de concurso-oposición libre. Administración especial. Especialidad: Enfermería de Empresa;DEPART. DE ADMINISTRACIÓN PÚBLICA Y RELAC. INSTITUCIONALES;Empleo Público
Convocatoria prueba selectiva por el sistema de concurso-oposición libre y promoción interna. Administración especial. Especialidad: Sargento o sargenta;DEPART. DE ADMINISTRACIÓN PÚBLICA Y RELAC. INSTITUCIONALES;Empleo Público
Convocatoria prueba selectiva por el sistema de oposición turnos libre y promoción interna. Administración especial. Especialidad: Subinspector o subinspectora de Incendios;DEPART. DE ADMINISTRACIÓN PÚBLICA Y RELAC. INSTITUCIONALES;Empleo Público
Emisión de guia de traslado a matadero.;DEPARTAMENTO DE SOSTENIBILIDAD Y MEDIO NATURAL;Autorizaciones, licencias y permisos
Duplicado de crotales.;DEPARTAMENTO DE SOSTENIBILIDAD Y MEDIO NATURAL;Autorizaciones, licencias y permisos
GIZATEK: Información y orientación para la adquisición productos de apoyo;DEPARTAMENTO DE ACCIÓN SOCIAL;Ayudas, subvenciones, prestaciones, pensiones y becas
Convocatoria prueba selectiva por el sistema de concurso-oposición libre. Administración especial. Especialidad: Arquitectura Técnica;DEPART. DE ADMINISTRACIÓN PÚBLICA Y RELAC. INSTITUCIONALES;Empleo Público
Convocatoria prueba selectiva por el sistema de concurso-oposición libre. Administración especial. Especialidad: Ingeniería Técnica de Obras Públicas;DEPART. DE ADMINISTRACIÓN PÚBLICA Y RELAC. INSTITUCIONALES;Empleo Público
Convocatoria prueba selectiva por el sistema de concurso-oposición libre. Administración especial. Especialidad: Ingeniería Téknika Agricola;DEPART. DE ADMINISTRACIÓN PÚBLICA Y RELAC. INSTITUCIONALES;Empleo Público
Convocatoria prueba selectiva por el sistema de concurso-oposición libre. Administración especial. Especialidad: Ingeniería Técnica Forestal;DEPART. DE ADMINISTRACIÓN PÚBLICA Y RELAC. INSTITUCIONALES;Empleo Público
Subvenciones para la promoción de investigaciones arqueológicas y paleontológicas en el Territorio Histórico de Bizkaia.;DEPARTAMENTO DE EUSKERA, CULTURA Y DEPORTE;Ayudas, subvenciones, prestaciones, pensiones y becas
certificación negativa registro sexual de delincuentes sexuales;DEPART. DE ADMINISTRACIÓN PÚBLICA Y RELAC. INSTITUCIONALES;Certificaciones y declaraciones
Procedimiento para la conclusión de Acuerdos Marco;DEPART. DE ADMINISTRACIÓN PÚBLICA Y RELAC. INSTITUCIONALES;Acuerdos, contratos y convenios
Convocatoria destinada a financiar los proyectos culturales que gestionan  las Federaciones Culturales  del Territorio Histórico de Bizkaia  en el ámbito de la cultura tradicional y el folklore vasco;DEPARTAMENTO DE EUSKERA, CULTURA Y DEPORTE;Ayudas, subvenciones, prestaciones, pensiones y becas
Convocatoria de becas en las modalidades de Artes Plásticas y  Visuales, Música, Arte Dramático, Danza y Gestión Cultural y Ayudas únicamente en las modalidades de Música, Danza, Arte Dramático y Gestión Cultural;DEPARTAMENTO DE EUSKERA, CULTURA Y DEPORTE;Ayudas, subvenciones, prestaciones, pensiones y becas
Modelo 100. Impuesto sobre la Renta de las Personas Físicas 2016. Autoliquidación.;DEPARTAMENTO DE HACIENDA Y FINANZAS;IRPF
Modelo 714. Impuesto sobre el Patrimonio 2016. Autoliquidación.;DEPARTAMENTO DE HACIENDA Y FINANZAS;IRPF
Premio literario IX BIZKAIDATZ 2017, ESTA HISTORIA LA ESCRIBES TÚ/ JARRAITZEKO PREST? ORAIN ZURE TXANDA DA.;DEPARTAMENTO DE EUSKERA, CULTURA Y DEPORTE;Concursos, premios y reconocimientos
Convocatoria destinada a la Muestra Itinerante de Artes Visuales Ertibil-Bizkaia;DEPARTAMENTO DE EUSKERA, CULTURA Y DEPORTE;Ayudas, subvenciones, prestaciones, pensiones y becas
Solicitud de admisión a las pruebas del CAP.;DEPARTAMENTO DE TRANSPORTES Y MOVILIDAD SOSTENIBLE;Autorizaciones, licencias y permisos
Denuncia ante la Comisión de Reclamaciones en materia de Transparencia;UNIDAD DE APOYO AL DIPUTADO GENERAL;Revisión de actos, recursos administrativos y reclamaciones
2017 SUBVENCIONES PARA EL DESARROLLO DE PROYECTOS DE INNOVACIÓN SOCIOLABORAL;DEPARTAMENTO DE EMPLEO, INCLUSIÓN SOCIAL E IGUALDAD;Ayudas, subvenciones, prestaciones, pensiones y becas
Convocatoria prueba selectiva por el sistema de concurso-oposición libre. Administración especial. Especialidad: Ingeniera o Ingeniero de Montes;DEPART. DE ADMINISTRACIÓN PÚBLICA Y RELAC. INSTITUCIONALES;Empleo Público
Alta de copia de autorización mercancías para vehículos pesados (carga útil mayor de 3.500Kg);DEPARTAMENTO DE TRANSPORTES Y MOVILIDAD SOSTENIBLE;Autorizaciones, licencias y permisos
Subvenciones para la realización de actividades arqueológicas y paleontológicas necesarias como consecuencia de obras o hallazgos casuales;DEPARTAMENTO DE EUSKERA, CULTURA Y DEPORTE;Ayudas, subvenciones, prestaciones, pensiones y becas
Nueva autorización de transporte público de mercancías (vehículos sin limitación de peso);DEPARTAMENTO DE TRANSPORTES Y MOVILIDAD SOSTENIBLE;Autorizaciones, licencias y permisos
Sustitución de vehiculo en autorización de transporte público de mercancías (para vehículo de más de 3.500Kg de carga);DEPARTAMENTO DE TRANSPORTES Y MOVILIDAD SOSTENIBLE;Autorizaciones, licencias y permisos
Perfeccionamiento profesional de jóvenes posgraduados y posgraduadas en Centros internacionales de prestigio;DEPARTAMENTO DE PROMOCIÓN ECONÓMICA;Ayudas, subvenciones, prestaciones, pensiones y becas
Licitación Electrónica;DEPART. DE ADMINISTRACIÓN PÚBLICA Y RELAC. INSTITUCIONALES;Acuerdos, contratos y convenios
Comprobación previa en procedimiento sancionador de transportes;DEPARTAMENTO DE TRANSPORTES Y MOVILIDAD SOSTENIBLE;Infracciones y sanciones
Regulación del Fondo de Suelo Agrario del Territorio Histórico de Bizkaia.;DEPARTAMENTO DE SOSTENIBILIDAD Y MEDIO NATURAL;Otros
Foru funtsa-Gizartekutxa;DEPART. DE ADMINISTRACIÓN PÚBLICA Y RELAC. INSTITUCIONALES;Ayudas, subvenciones, prestaciones, pensiones y becas
Convocatoria prueba selectiva por el sistema de concurso-oposición  turno libre. Administración especial. Especialidad: Médico o Médica;DEPART. DE ADMINISTRACIÓN PÚBLICA Y RELAC. INSTITUCIONALES;Empleo Público
Convenios de colaboración de la Diputación Foral de Bizkaia;DEPARTAMENTO DE HACIENDA Y FINANZAS;Acuerdos, contratos y convenios
Procedimiento sancionador: SANIDAD VEGETAL;DEPARTAMENTO DE SOSTENIBILIDAD Y MEDIO NATURAL;Infracciones y sanciones
Premio literario infantil y juvenil Bizkaidatz Txikia IV (2017-2018).;DEPARTAMENTO DE EUSKERA, CULTURA Y DEPORTE;Concursos, premios y reconocimientos
Subvenciones para la promoción de investigaciones arqueológicas y paleontológicas en el Territorio Histórico de Bizkaia.;DEPARTAMENTO DE EUSKERA, CULTURA Y DEPORTE;Ayudas, subvenciones, prestaciones, pensiones y becas
Certificado de Idoneidad Ambiental.;DEPARTAMENTO DE SOSTENIBILIDAD Y MEDIO NATURAL;Certificaciones y declaraciones
Convocatoria prueba selectiva por el sistema de oposición  turno libre. Administración general. Agrupación profesional: Personal de servicios por el turno independiente de plazas reservadas a personas con discapacidad intelectual.;DEPART. DE ADMINISTRACIÓN PÚBLICA Y RELAC. INSTITUCIONALES;Empleo Público
Convocatoria prueba selectiva por el sistema de concurso-oposición libre. Administración especial. Especialidad: Agente Forestal;DEPART. DE ADMINISTRACIÓN PÚBLICA Y RELAC. INSTITUCIONALES;Empleo Público
"Convocatoria prueba selectiva por el sistema de concurso-oposición  turno libre y turno promoción interna. Administración especial. Subescala de Servicios Especiales; Clase cometidos especiales: Ayudante Técnico de Biblioteca";DEPART. DE ADMINISTRACIÓN PÚBLICA Y RELAC. INSTITUCIONALES;Empleo Público
Convocatoria prueba selectiva por el sistema de oposición  turno libre. Administración Especial. Subescala técnica, Clase: técnicos o técnicas auxiliares. Especialidad Delineantes 2 plazas.;DEPART. DE ADMINISTRACIÓN PÚBLICA Y RELAC. INSTITUCIONALES;Empleo Público
GIZATEK: Subvenciones para la adquisición de productos de apoyo 2018-2019;DEPARTAMENTO DE ACCIÓN SOCIAL;Ayudas, subvenciones, prestaciones, pensiones y becas
Alta en el Nodo de Interoperabilidad de Bizkaia;DEPART. DE ADMINISTRACIÓN PÚBLICA Y RELAC. INSTITUCIONALES;Registros, homologaciones e inscripciones
Reclamación ante la Comisión de reclamaciones en materia de transparencia;UNIDAD DE APOYO AL DIPUTADO GENERAL;Otros
Convocatoria prueba selectiva por el sistema de concurso-oposición  turno libre, promoción interna, promoción interna discapacidad y personas con discapacidad. Administración especial, Inspector de Finanzas;DEPART. DE ADMINISTRACIÓN PÚBLICA Y RELAC. INSTITUCIONALES;Empleo Público
Convocatoria prueba selectiva por el sistema de concurso-oposición  turno libre. Administración especial, Psicología PRL;DEPART. DE ADMINISTRACIÓN PÚBLICA Y RELAC. INSTITUCIONALES;Empleo Público
Convocatoria prueba selectiva por el sistema de oposición  turno libre. Administración especial: Técnico de Normalización Lingüística;DEPART. DE ADMINISTRACIÓN PÚBLICA Y RELAC. INSTITUCIONALES;Empleo Público
Becas de especialización en asuntos europeos. Convocatoria curso 2018-2019;UNIDAD DE APOYO AL DIPUTADO GENERAL;Ayudas, subvenciones, prestaciones, pensiones y becas
Cumplimiento y ejecución de contratos administrativos;DEPART. DE ADMINISTRACIÓN PÚBLICA Y RELAC. INSTITUCIONALES;Acuerdos, contratos y convenios
Convocatoria destinada a fomentar la realización de exposiciones coordinadas de prácticas artísticas contemporáneas de especial relevancia entre las diferentes salas de exposiciones de titularidad municipal;DEPARTAMENTO DE EUSKERA, CULTURA Y DEPORTE;Ayudas, subvenciones, prestaciones, pensiones y becas
Convocatoria de becas en las modalidades de Artes Plásticas y  Visuales, Música, Arte Dramático, Danza y Gestión Cultural y Ayudas únicamente en las modalidades de Música, Danza, Arte Dramático y Gestión Cultural;DEPARTAMENTO DE EUSKERA, CULTURA Y DEPORTE;Ayudas, subvenciones, prestaciones, pensiones y becas
Convocatoria prueba selectiva por el sistema de oposición  turno libre. Administración Especial. Subescala técnica, Clase: técnicos o técnicas medios. Especialidad: Trabajo Social ocho (8) plazas.;DEPART. DE ADMINISTRACIÓN PÚBLICA Y RELAC. INSTITUCIONALES;Empleo Público
Convocatoria prueba selectiva por el sistema de concurso oposición  turno promoción interna. Administración Especial. Subescala Servicios Especiales, Clase: Extinción de Incendios. Especialidad: Cabos quince (15) plazas.;DEPART. DE ADMINISTRACIÓN PÚBLICA Y RELAC. INSTITUCIONALES;Empleo Público
Convocatoria de subvenciones forales destinadas a la promoción de espectáculos de artes escénicas de teatro y danza 2018;DEPARTAMENTO DE EUSKERA, CULTURA Y DEPORTE;Ayudas, subvenciones, prestaciones, pensiones y becas
X Premio Literario BizkaIdatz 2018. Esta historia la escribes tú.;DEPARTAMENTO DE EUSKERA, CULTURA Y DEPORTE;Concursos, premios y reconocimientos
Criterios de Gestión Bolsas de Trabajo;DEPART. DE ADMINISTRACIÓN PÚBLICA Y RELAC. INSTITUCIONALES;Empleo Público
Subvenciones para deportistas individuales que participen en pruebas internacionales;DEPARTAMENTO DE EUSKERA, CULTURA Y DEPORTE;Ayudas, subvenciones, prestaciones, pensiones y becas
Normativa reguladora del Programa de Deporte Escolar de Bizkaia durante la temporada 2018/2019;DEPARTAMENTO DE EUSKERA, CULTURA Y DEPORTE;Autorizaciones, licencias y permisos
Normativa del programa de detección y apoyo a deportistas promesas de Bizkaia en 2018/2019;DEPARTAMENTO DE EUSKERA, CULTURA Y DEPORTE;Ayudas, subvenciones, prestaciones, pensiones y becas
Subvenciones para la realización de intervenciones constructivas de rehabilitación del patrimonio cultural inmueble de Bizkaia en el 2019;DEPARTAMENTO DE EUSKERA, CULTURA Y DEPORTE;Ayudas, subvenciones, prestaciones, pensiones y becas
"Convocatoria prueba selectiva por el sistema de concurso-oposición  turno libre. Administración General. Subescala Técnica; Clase Ténicos o Técnicas Medias: Técnica o Técnico Medio de Gestión";DEPART. DE ADMINISTRACIÓN PÚBLICA Y RELAC. INSTITUCIONALES;Empleo Público
"Convocatoria prueba selectiva por el sistema de concurso-oposición  turno promoción interna. Administración General. Subescala Técnica; Clase Técnicos o Técnicas Medias: Técnica o Técnico Medio de Gestión";DEPART. DE ADMINISTRACIÓN PÚBLICA Y RELAC. INSTITUCIONALES;Empleo Público
"Convocatoria prueba selectiva por el sistema de concurso-oposición  turno libre. Administración Especial. Subescala servicios especiales; Clase Extinción de Incendios. Oficial del servicio de prevención y extinción de incendios y salvamento.";DEPART. DE ADMINISTRACIÓN PÚBLICA Y RELAC. INSTITUCIONALES;Empleo Público
"Convocatoria prueba selectiva por el sistema de concurso-oposición  turno libre. Administración Especial. Subescala Técnica; Clase Ténicos o Técnicas Superiores: Traductor o traductora de euskera -castellano";DEPART. DE ADMINISTRACIÓN PÚBLICA Y RELAC. INSTITUCIONALES;Empleo Público
"Convocatoria prueba selectiva por el sistema de concurso-oposición  turno libre. Administración Especial. Subescala Técnica; Clase Ténicos o Técnicas Superiores: Traductor o traductora de euskera - inglés -castellano";DEPART. DE ADMINISTRACIÓN PÚBLICA Y RELAC. INSTITUCIONALES;Empleo Público
"Convocatoria prueba selectiva por el sistema de concurso-oposición  turno libre, Promoción interna y Personas con discapacidad. Administración Especial. Subescala Técnica; Clase Técnicos o Técnicas Superiores: Técnica o Técnico de Organización";DEPART. DE ADMINISTRACIÓN PÚBLICA Y RELAC. INSTITUCIONALES;Empleo Público
Declaración censal anual obligatoria (DAO) 2019;DEPARTAMENTO DE SOSTENIBILIDAD Y MEDIO NATURAL;Certificaciones y declaraciones
Convocatoria pruebas selectivas para el ingreso en funcionariado interino en la escala Administración Especial. Subescala Técnica. Clase Técnico Medio. Especialidad: Ingeniería Técnica Forestal;DEPART. DE ADMINISTRACIÓN PÚBLICA Y RELAC. INSTITUCIONALES;Empleo Público
Plan 2i de Promoción de la Innovación y la Inversión avanzada 2019;DEPARTAMENTO DE PROMOCIÓN ECONÓMICA;Ayudas, subvenciones, prestaciones, pensiones y becas
Ayudas económicas acogidas al régimen de mínimis para determinadas explotaciones de apicultura.;DEPARTAMENTO DE SOSTENIBILIDAD Y MEDIO NATURAL;Ayudas, subvenciones, prestaciones, pensiones y becas
Convocatoria de subvenciones destinadas a la revisión de planeamiento urbanístico por los Ayuntamientos del Territorio Histórico de Bizkaia de población inferior a 7.000 habitantes en el año 2019;DEPARTAMENTO DE INFRAESTRUCTURAS Y DESARROLLO TERRITORIAL;Ayudas, subvenciones, prestaciones, pensiones y becas
Programa para la competitividad e innovación colaborativa  Elkarlanean 2019;DEPARTAMENTO DE PROMOCIÓN ECONÓMICA;Ayudas, subvenciones, prestaciones, pensiones y becas
4.1 Ayudas a inversiones en explotaciones agrarias 2019.;DEPARTAMENTO DE SOSTENIBILIDAD Y MEDIO NATURAL;Ayudas, subvenciones, prestaciones, pensiones y becas
6.1 Ayudas a la creación de empresas por jóvenes agricultores y agricultoras 2019.;DEPARTAMENTO DE SOSTENIBILIDAD Y MEDIO NATURAL;Ayudas, subvenciones, prestaciones, pensiones y becas
Convocatoria prueba selectiva por el sistema de concurso-oposición  turno libre, promoción interna, promoción interna discapacidad y personas con discapacidad. Administración general, Administrativo administrativa;DEPART. DE ADMINISTRACIÓN PÚBLICA Y RELAC. INSTITUCIONALES;Empleo Público
2019 Subvenciones a Ayuntamientos y Mancomunidades para  actuaciones en materia de eficiencia energética.;DEPARTAMENTO DE SOSTENIBILIDAD Y MEDIO NATURAL;Ayudas, subvenciones, prestaciones, pensiones y becas
5º contenedor 2019.;DEPARTAMENTO DE SOSTENIBILIDAD Y MEDIO NATURAL;Ayudas, subvenciones, prestaciones, pensiones y becas
Programa de Creación de Empresas Innovadoras 2019. Área 1 - Desarrollo de proyectos empresariales innovadores;DEPARTAMENTO DE PROMOCIÓN ECONÓMICA;Ayudas, subvenciones, prestaciones, pensiones y becas
Programa de Creación de Empresas Innovadoras 2019: Área 2 - Nuevas Empresas Innovadoras;DEPARTAMENTO DE PROMOCIÓN ECONÓMICA;Ayudas, subvenciones, prestaciones, pensiones y becas
Programa Bizkaia Creativa 2019.;DEPARTAMENTO DE PROMOCIÓN ECONÓMICA;Ayudas, subvenciones, prestaciones, pensiones y becas
Programa 3i de apoyo integral a la innovación, la internacionalización y la inversión 2019;DEPARTAMENTO DE PROMOCIÓN ECONÓMICA;Ayudas, subvenciones, prestaciones, pensiones y becas
Programa de Emprendimiento e Innovación Social 2019. Area 1: . Identificación y validación de proyectos empresariales sociales innovadores.;DEPARTAMENTO DE PROMOCIÓN ECONÓMICA;Ayudas, subvenciones, prestaciones, pensiones y becas
Programa de Emprendimiento e Innovación Social 2019. Area 2: Desarrollo de proyectos empresariales sociales innovadores;DEPARTAMENTO DE PROMOCIÓN ECONÓMICA;Ayudas, subvenciones, prestaciones, pensiones y becas
Programa de Emprendimiento e Innovación Social 2019. Area 3: Crecimiento y escalabilidad de proyectos empresariales sociales innovadores;DEPARTAMENTO DE PROMOCIÓN ECONÓMICA;Ayudas, subvenciones, prestaciones, pensiones y becas
Convocatoria destinada a la muestra itinerante de artes visuales Ertibil-Bizkaia;DEPARTAMENTO DE EUSKERA, CULTURA Y DEPORTE;Concursos, premios y reconocimientos
Convocatoria de becas en las modalidades de artes plásticas y visuales, arte dramático, música y danza, y ayudas únicamente en las modalidades de arte dramático, música, y danza, para el ejercicio 2019.;DEPARTAMENTO DE EUSKERA, CULTURA Y DEPORTE;Ayudas, subvenciones, prestaciones, pensiones y becas
Chequeos Tecnológicos 2019;DEPARTAMENTO DE PROMOCIÓN ECONÓMICA;Ayudas, subvenciones, prestaciones, pensiones y becas
Programa Innobideak-kudeabide 2019;DEPARTAMENTO DE PROMOCIÓN ECONÓMICA;Ayudas, subvenciones, prestaciones, pensiones y becas
2019 Subvenciones para el fortalecimiento de la estructura organizativa de las asociaciones de personas migradas. Capítulo II;DEPARTAMENTO DE EMPLEO, INCLUSIÓN SOCIAL E IGUALDAD;Ayudas, subvenciones, prestaciones, pensiones y becas
Subvenciones forales para la realización en el Territorio Histórico de Bizkaia de actividades arqueológicas y paleontológicas necesarias como consecuencia de obras, que se realicen desde el 16 de junio de 2018 al 15 de junio de 2019.;DEPARTAMENTO DE EUSKERA, CULTURA Y DEPORTE;Ayudas, subvenciones, prestaciones, pensiones y becas
Subvención de las actividades en euskera de las personas jurídicas sin ánimo de lucro 2019;DEPARTAMENTO DE EUSKERA, CULTURA Y DEPORTE;Ayudas, subvenciones, prestaciones, pensiones y becas
Subvención para la elaboración de productos que fomenten la presencia del euskera en las tecnologías de la información y de la comunicación 2019;DEPARTAMENTO DE EUSKERA, CULTURA Y DEPORTE;Ayudas, subvenciones, prestaciones, pensiones y becas
Procedimiento de concesión de transferencias destinadas a Imprevistos del Fondo Foral de Financiación Municipal (Udalkutxa) para el año 2019.;DEPART. DE ADMINISTRACIÓN PÚBLICA Y RELAC. INSTITUCIONALES;Ayudas, subvenciones, prestaciones, pensiones y becas
Subvención para la realización de planes de promoción del uso del euskera 2019;DEPARTAMENTO DE EUSKERA, CULTURA Y DEPORTE;Ayudas, subvenciones, prestaciones, pensiones y becas
2019 Subvenciones para proyectos en materia de diversidad afectivo-sexual y diversidad familiar. Capítulo IV;DEPARTAMENTO DE EMPLEO, INCLUSIÓN SOCIAL E IGUALDAD;Ayudas, subvenciones, prestaciones, pensiones y becas
2019 Ayudas de emergencia y acción humanitaria. Capítulo VI.;DEPARTAMENTO DE EMPLEO, INCLUSIÓN SOCIAL E IGUALDAD;Ayudas, subvenciones, prestaciones, pensiones y becas
2019 Contratación de asistencias técnicas en origen, cuyo objeto sea facilitar el cambio organizacional pro equidad de género de las entidades socias locales. Capítulo V.;DEPARTAMENTO DE EMPLEO, INCLUSIÓN SOCIAL E IGUALDAD;Ayudas, subvenciones, prestaciones, pensiones y becas
Programa de Internacionalización para 2019.;DEPARTAMENTO DE PROMOCIÓN ECONÓMICA;Ayudas, subvenciones, prestaciones, pensiones y becas
2019 Subvenciones a proyectos de cooperación al desarrollo para entidades sin ánimo de lucro. Capítulo II.;DEPARTAMENTO DE EMPLEO, INCLUSIÓN SOCIAL E IGUALDAD;Ayudas, subvenciones, prestaciones, pensiones y becas
2019 Subvenciones para la realización de acciones puntuales en Bizkaia. Capítulo IV-B.;DEPARTAMENTO DE EMPLEO, INCLUSIÓN SOCIAL E IGUALDAD;Ayudas, subvenciones, prestaciones, pensiones y becas
2019 Subvenciones para la realización de acciones puntuales en los países empobrecidos. Capítulo IV-A.;DEPARTAMENTO DE EMPLEO, INCLUSIÓN SOCIAL E IGUALDAD;Ayudas, subvenciones, prestaciones, pensiones y becas
2019. Subvenciones a proyectos de sensibilización y/o educación para la transformación social. Capítulo III.;DEPARTAMENTO DE EMPLEO, INCLUSIÓN SOCIAL E IGUALDAD;Ayudas, subvenciones, prestaciones, pensiones y becas
Subvención para la promoción del euskera destinada a los ayuntamientos, organismos autónomos municipales y mancomunidades 2019;DEPARTAMENTO DE EUSKERA, CULTURA Y DEPORTE;Ayudas, subvenciones, prestaciones, pensiones y becas
Subvenciones forales destinadas a la promoción de proyectos de innovación social en materia de juventud en el ámbito del Territorio Histórico de Bizakaia.;UNIDAD DE APOYO AL DIPUTADO GENERAL;Ayudas, subvenciones, prestaciones, pensiones y becas
Becas destinadas a la formación de Técnicas y Técnicos de deporte que hayan superado la formación deportiva entre el 11 de septiembre de 2018 y el 10 de septiembre 2019.;DEPARTAMENTO DE EUSKERA, CULTURA Y DEPORTE;Ayudas, subvenciones, prestaciones, pensiones y becas
Convocatoria de subvenciones forales destinadas a la realización de proyectos culturales en el Territorio Histórico de Bizkaia durante el ejercicio 2019;DEPARTAMENTO DE EUSKERA, CULTURA Y DEPORTE;Ayudas, subvenciones, prestaciones, pensiones y becas
Subvenciones para fomento de inversiones destinadas a infraestructuras afectas a usos o servicios públicos de competencia municipal 2019;DEPART. DE ADMINISTRACIÓN PÚBLICA Y RELAC. INSTITUCIONALES;Ayudas, subvenciones, prestaciones, pensiones y becas
Proyectos sociales cofinanciados con el Gobierno Vasco;DEPARTAMENTO DE ACCIÓN SOCIAL;Otros
2019 Subvenciones a proyectos plurianuales de cooperación al desarrollo. Capítulo VII. PLUA;DEPARTAMENTO DE EMPLEO, INCLUSIÓN SOCIAL E IGUALDAD;Ayudas, subvenciones, prestaciones, pensiones y becas
2019 Subvenciones a proyectos plurianuales de educación para la transformación social. Capítulo VII. PLUB;DEPARTAMENTO DE EMPLEO, INCLUSIÓN SOCIAL E IGUALDAD;Ayudas, subvenciones, prestaciones, pensiones y becas
"Convocatoria prueba selectiva por el sistema de oposición turno libre. Administración Especial. Subescala Servicios Especiales; Clase Cometidos Especiales: Ayudante de Mantenimiento";DEPART. DE ADMINISTRACIÓN PÚBLICA Y RELAC. INSTITUCIONALES;Empleo Público
Subvenciones a entidades locales para proyectos de Bizkaia territorio para todas las edades 2019;DEPARTAMENTO DE ACCIÓN SOCIAL;Ayudas, subvenciones, prestaciones, pensiones y becas
Subvenciones forales destinadas a las entidades que tomen parte en las actividades deportivas de competición y/o en la actividad de enseñanza HEZIKI 2018/2019;DEPARTAMENTO DE EUSKERA, CULTURA Y DEPORTE;Ayudas, subvenciones, prestaciones, pensiones y becas
Programa de Fomento de Consorcios Internacionales de 2019.;DEPARTAMENTO DE PROMOCIÓN ECONÓMICA;Ayudas, subvenciones, prestaciones, pensiones y becas
Campaña de verano, Udalekuak 2019.;DEPARTAMENTO DE EUSKERA, CULTURA Y DEPORTE;Ayudas, subvenciones, prestaciones, pensiones y becas
Justificación subvención la promoción de espectáculos de artes escénicas de teatro y danza 2018;DEPARTAMENTO DE EUSKERA, CULTURA Y DEPORTE;Ayudas, subvenciones, prestaciones, pensiones y becas
Convocatoria de subvenciones forales destinadas a la realización de actividades culturales por parte de Ayuntamientos de Bizkzaia de menos de 5.000 habitantes, durante el ejercicio 2019;DEPARTAMENTO DE EUSKERA, CULTURA Y DEPORTE;Ayudas, subvenciones, prestaciones, pensiones y becas
Ayudas a las Asociaciones de personas productoras del sector agrícola. Convocatoria para 2019.;DEPARTAMENTO DE SOSTENIBILIDAD Y MEDIO NATURAL;Ayudas, subvenciones, prestaciones, pensiones y becas
Envío de Información presupuestaria: Deuda viva;DEPART. DE ADMINISTRACIÓN PÚBLICA Y RELAC. INSTITUCIONALES;Otros
"Convocatoria prueba selectiva por el sistema de oposición. Administración Especial. Subescala Técnica; Clase Técnicos y Técnicas Superiores: Licenciada y Licenciado en Educación Física";DEPART. DE ADMINISTRACIÓN PÚBLICA Y RELAC. INSTITUCIONALES;Empleo Público
Subvenciones forales destinadas a la organización de eventos deportivos federados por parte de clubes y entidades deportivas de Bizkaia durante el año 2019;DEPARTAMENTO DE EUSKERA, CULTURA Y DEPORTE;Ayudas, subvenciones, prestaciones, pensiones y becas
Programa Elkartegiak y Polígonos Industriales 2019 - Inversiones;DEPARTAMENTO DE PROMOCIÓN ECONÓMICA;Ayudas, subvenciones, prestaciones, pensiones y becas
Programa de Refuerzo de la cadena de valor en el sector de la Troquelería para automoción 2019;DEPARTAMENTO DE PROMOCIÓN ECONÓMICA;Ayudas, subvenciones, prestaciones, pensiones y becas
2019 subvenciones para el desarrollo de proyectos de innovación sociolaboral;DEPARTAMENTO DE EMPLEO, INCLUSIÓN SOCIAL E IGUALDAD;Ayudas, subvenciones, prestaciones, pensiones y becas
Subvenciones en materia de cambio climático, con el fomento de medidas de ahorro, eficiencia energética, y promoción energías renovables;DEPARTAMENTO DE SOSTENIBILIDAD Y MEDIO NATURAL;Ayudas, subvenciones, prestaciones, pensiones y becas
2019 SUBVENCIONES DIRIGIDAS A LOS CENTROS DE EMPLEO Y DESARROLLO LOCAL BEHARGINTZAK;DEPARTAMENTO DE EMPLEO, INCLUSIÓN SOCIAL E IGUALDAD;Ayudas, subvenciones, prestaciones, pensiones y becas
Subvenciones para el fomento del asociacionismo y la elaboración de planes de gestión y mejora de polígonos industriales;DEPARTAMENTO DE PROMOCIÓN ECONÓMICA;Ayudas, subvenciones, prestaciones, pensiones y becas
Programa de Promoción de la Artesanía 2019;DEPARTAMENTO DE PROMOCIÓN ECONÓMICA;Ayudas, subvenciones, prestaciones, pensiones y becas
Programa de desarrollo turístico en destino Bilbao- Bizkaia 2019;DEPARTAMENTO DE PROMOCIÓN ECONÓMICA;Ayudas, subvenciones, prestaciones, pensiones y becas
Programa de subvenciones destinadas a la señalización turística 2019.;DEPARTAMENTO DE PROMOCIÓN ECONÓMICA;Ayudas, subvenciones, prestaciones, pensiones y becas
Perfeccionamiento profesional de jóvenes posgraduados y posgraduadas en Centros internacionales de prestigio;DEPARTAMENTO DE PROMOCIÓN ECONÓMICA;Ayudas, subvenciones, prestaciones, pensiones y becas
Subvenciones forales destinadas a la promoción de investigaciones arqueológicas y paleontológicas que se lleven a cabo en el Territorio Histórico de Bizkaia durante el año 2019;DEPARTAMENTO DE EUSKERA, CULTURA Y DEPORTE;Ayudas, subvenciones, prestaciones, pensiones y becas
Subvención de las inversiones para la modernización y adecuación previstas en el plan de actuación y mejora  del polígono industrial.;DEPARTAMENTO DE PROMOCIÓN ECONÓMICA;Ayudas, subvenciones, prestaciones, pensiones y becas
Subvenciones forales destinadas a la realización de actividades en el ámbito de la conservación, investigación y difusión del patrimonio etnográfico de Bizkaia que se realicen a lo largo del año 2019.;DEPARTAMENTO DE EUSKERA, CULTURA Y DEPORTE;Ayudas, subvenciones, prestaciones, pensiones y becas
2019 Ayudas y subvenciones forestales;DEPARTAMENTO DE SOSTENIBILIDAD Y MEDIO NATURAL;Ayudas, subvenciones, prestaciones, pensiones y becas
Mujer: Subvenciones destinadas a la atención e integración social del colectivo de  mujer y familia 2019;DEPARTAMENTO DE EMPLEO, INCLUSIÓN SOCIAL E IGUALDAD;Ayudas, subvenciones, prestaciones, pensiones y becas
2019 Autoempleo. Asesoramiento para la creación y puesta en marcha de proyectos empresariales.;DEPARTAMENTO DE EMPLEO, INCLUSIÓN SOCIAL E IGUALDAD;Ayudas, subvenciones, prestaciones, pensiones y becas
2019 Lan Berri. Apoyo a la contratación.;DEPARTAMENTO DE EMPLEO, INCLUSIÓN SOCIAL E IGUALDAD;Ayudas, subvenciones, prestaciones, pensiones y becas
2019 Lan Berri. Formación en competencias;DEPARTAMENTO DE EMPLEO, INCLUSIÓN SOCIAL E IGUALDAD;Ayudas, subvenciones, prestaciones, pensiones y becas
2019 Lan Berri. Orientación, formación grupal, intermediación e inserción.;DEPARTAMENTO DE EMPLEO, INCLUSIÓN SOCIAL E IGUALDAD;Ayudas, subvenciones, prestaciones, pensiones y becas
2019 SUBVENCIONES DESTINADAS AL DESARROLLO DE PROYECTOS INNOVADORES DE EMPRENDIMIENTO Y EMPLEO ESTABLE Y DE CALIDAD.;DEPARTAMENTO DE EMPLEO, INCLUSIÓN SOCIAL E IGUALDAD;Ayudas, subvenciones, prestaciones, pensiones y becas
Desplazamiento temporal de menores extranjeros/as para escolarización promovido por familias;DEPARTAMENTO DE ACCIÓN SOCIAL;Otros
2019 Empleabilidad de jóvenes. Apoyo a la contratación.;DEPARTAMENTO DE EMPLEO, INCLUSIÓN SOCIAL E IGUALDAD;Ayudas, subvenciones, prestaciones, pensiones y becas
2019 Empleabilidad de jóvenes. Formación en competencias;DEPARTAMENTO DE EMPLEO, INCLUSIÓN SOCIAL E IGUALDAD;Ayudas, subvenciones, prestaciones, pensiones y becas
2019 Empleabilidad de jóvenes. Orientación, formación grupal, intermediación e inserción.;DEPARTAMENTO DE EMPLEO, INCLUSIÓN SOCIAL E IGUALDAD;Ayudas, subvenciones, prestaciones, pensiones y becas
Obtención de sistemas de identificación y firma;DEPART. DE ADMINISTRACIÓN PÚBLICA Y RELAC. INSTITUCIONALES;Autorizaciones, licencias y permisos
Convocatoria prueba selectiva por el sistema de oposición  turno libre. Administración especial, Ingeniería Técnica Agricola;DEPART. DE ADMINISTRACIÓN PÚBLICA Y RELAC. INSTITUCIONALES;Empleo Público
Convocatoria prueba selectiva por el sistema de oposición  turno libre. Administración especial, Extinción de incendios. Sargento/a de servicio de prevención y extinción de incendios;DEPART. DE ADMINISTRACIÓN PÚBLICA Y RELAC. INSTITUCIONALES;Empleo Público
Convocatoria prueba selectiva por el sistema de oposición  turno libre. Administración especial, Operador/a de centro integral de emergencias;DEPART. DE ADMINISTRACIÓN PÚBLICA Y RELAC. INSTITUCIONALES;Empleo Público
Subvenciones forales destinadas a fomentar las exposiciones coordinadas de prácticas artísticas contemporáneas de especial relevancia programadas por diferentes salas de exposiciones municipales del Territorio Histórico de Bizkaia durante el año 2019;DEPARTAMENTO DE EUSKERA, CULTURA Y DEPORTE;Ayudas, subvenciones, prestaciones, pensiones y becas
XI premio literario BizkaIdatz  2019 Esta historia la escribes tu/jarraitzeko prest?Orain zure txanda da.;DEPARTAMENTO DE EUSKERA, CULTURA Y DEPORTE;Concursos, premios y reconocimientos
Convocatoria de subvenciones forales destinadas a la promoción de espectáculos de artes escénicas de teatro y danza durante el ejercicio 2019.;DEPARTAMENTO DE EUSKERA, CULTURA Y DEPORTE;Ayudas, subvenciones, prestaciones, pensiones y becas
Becas de especialización en asuntos europeos. Convocatoria curso 2019-2020;UNIDAD DE APOYO AL DIPUTADO GENERAL;Ayudas, subvenciones, prestaciones, pensiones y becas
Subvenciones forales destinadas al mantenimiento de estructuras de coordinación de ocio y tiempo libre en el Territorio Histórico de Bizkaia durante el ejercicio 2019.;DEPARTAMENTO DE EUSKERA, CULTURA Y DEPORTE;Ayudas, subvenciones, prestaciones, pensiones y becas
Subvenciones forales destinadas a las entidades vizcaínas de ocio y tiempo libre que trabajen en el ámbito de la infancia y juventud para la organización, de colonias, campamentos y campos de trabajo durante el verano del año 2019;DEPARTAMENTO DE EUSKERA, CULTURA Y DEPORTE;Ayudas, subvenciones, prestaciones, pensiones y becas
Convocatoria prueba selectiva por el sistema de oposición  turno libre. Administración especial. Especialidad: Auxiliar Hortofrutícola. Bolsa de trabajo.;DEPART. DE ADMINISTRACIÓN PÚBLICA Y RELAC. INSTITUCIONALES;Empleo Público
Subvenciones forales para la organización de eventos deportivos participativos por parte de sociedades mercantiles, sociedades cooperativas, personas empresarias individuales y profesionales de Bizkaia en 2019;DEPARTAMENTO DE EUSKERA, CULTURA Y DEPORTE;Ayudas, subvenciones, prestaciones, pensiones y becas
Ayudas a la reconversión y reestructuración de viñedos del ejercicio 2019;DEPARTAMENTO DE SOSTENIBILIDAD Y MEDIO NATURAL;Ayudas, subvenciones, prestaciones, pensiones y becas
Convocatoria de subvenciones forales destinadas a la producción de documentales audiovisuales de difusión de la cultura vizcaína durante el ejercicio 2019;DEPARTAMENTO DE EUSKERA, CULTURA Y DEPORTE;Ayudas, subvenciones, prestaciones, pensiones y becas
Solicitudes para la reestructuración y reconversión de viñedos 2019;DEPARTAMENTO DE SOSTENIBILIDAD Y MEDIO NATURAL;Ayudas, subvenciones, prestaciones, pensiones y becas
Becas de Formación práctica en el Servicio Agrícola. 2ª convocatoria 2019/2020;DEPARTAMENTO DE SOSTENIBILIDAD Y MEDIO NATURAL;Ayudas, subvenciones, prestaciones, pensiones y becas
Convocatoria de subvenciones forales destinadas a la organización de espectáculos de artes escénicas: música, danza y teatro, en Bizkaia durante el ejercicio 2019 (PROGRAMA GARATU);DEPARTAMENTO DE EUSKERA, CULTURA Y DEPORTE;Ayudas, subvenciones, prestaciones, pensiones y becas
Becas para realizar estudios de especialización en la London School of Economics. Convocatoria 2019;UNIDAD DE APOYO AL DIPUTADO GENERAL;Ayudas, subvenciones, prestaciones, pensiones y becas
Subvenciones forales destinadas a promover la participación de los ayuntamientos o mancomunidades de menos de 50.000 habitantes en programas e iniciativas de la Unión Europea en 2019.;UNIDAD DE APOYO AL DIPUTADO GENERAL;Ayudas, subvenciones, prestaciones, pensiones y becas
Ayudas 2019 para el establecimiento de servicios de sustitución en las explotaciones agrarias en caso de enfermedad, accidente, maternidad o paternidad.;DEPARTAMENTO DE SOSTENIBILIDAD Y MEDIO NATURAL;Ayudas, subvenciones, prestaciones, pensiones y becas
AYUDAS PARA PRIMAS DE SEGUROS EN AGRICULTURA Y GANADERIA 2019;DEPARTAMENTO DE SOSTENIBILIDAD Y MEDIO NATURAL;Ayudas, subvenciones, prestaciones, pensiones y becas
AYUDAS A LA ASISTENCIA TÉCNICA EN LAS EXPLOTACIONES AGRARIAS 2019;DEPARTAMENTO DE SOSTENIBILIDAD Y MEDIO NATURAL;Ayudas, subvenciones, prestaciones, pensiones y becas
Ayudas 2019 para el establecimiento de servicios de sustitución por vacaciones en las explotaciones agrarias.;DEPARTAMENTO DE SOSTENIBILIDAD Y MEDIO NATURAL;Ayudas, subvenciones, prestaciones, pensiones y becas
Ayudas a la apicultura 2019;DEPARTAMENTO DE SOSTENIBILIDAD Y MEDIO NATURAL;Ayudas, subvenciones, prestaciones, pensiones y becas
Subvenciones forales destinadas a favorecer la actividad formativa en materia de tiempo libre en el Territorio Histórico de Bizkaia, durante el ejercicio 2019.;DEPARTAMENTO DE EUSKERA, CULTURA Y DEPORTE;Ayudas, subvenciones, prestaciones, pensiones y becas
Subvenciones forales destinadas a la realización de programaciones de espectáculos de teatro, música y danza por parte de los ayuntamientos, organismos autónomos, y sociedades públicas, todas ellas municipales, del THB, integradas en SAREA durante 2019.;DEPARTAMENTO DE EUSKERA, CULTURA Y DEPORTE;Ayudas, subvenciones, prestaciones, pensiones y becas
Justificación 6.1 Ayudas a la creación de empresas por jóvenes agricultores y agricultoras 2019;DEPARTAMENTO DE SOSTENIBILIDAD Y MEDIO NATURAL;Ayudas, subvenciones, prestaciones, pensiones y becas
2019 Indemnizaciones económicas en el marco de programas oficiales de control y/o erradicación de enfermedades, así como por el daño producido por el corzo, buitres y lobos.;DEPARTAMENTO DE SOSTENIBILIDAD Y MEDIO NATURAL;Ayudas, subvenciones, prestaciones, pensiones y becas
Reintegro de residencias por huelga;DEPARTAMENTO DE ACCIÓN SOCIAL;Otros
Subvención a publicaciones periódicas en euskera en 2019.;DEPARTAMENTO DE EUSKERA, CULTURA Y DEPORTE;Ayudas, subvenciones, prestaciones, pensiones y becas
Declaración censal anual obligatoria (DAO) 2020;DEPARTAMENTO DE SOSTENIBILIDAD Y MEDIO NATURAL;Certificaciones y declaraciones
2019 Ayudas a asociaciones ganaderas sectoriales y de razas puras;DEPARTAMENTO DE SOSTENIBILIDAD Y MEDIO NATURAL;Ayudas, subvenciones, prestaciones, pensiones y becas
Justificación 4.1 Ayudas a inversiones en explotaciones agrarias 2019;DEPARTAMENTO DE SOSTENIBILIDAD Y MEDIO NATURAL;Ayudas, subvenciones, prestaciones, pensiones y becas
2019 Ayudas económicas destinadas a las agrupaciones y asociaciones de ganaderos y ganaderas del THB para el desarrollo de programas en materia de sanidad animal.;DEPARTAMENTO DE SOSTENIBILIDAD Y MEDIO NATURAL;Ayudas, subvenciones, prestaciones, pensiones y becas
Normativa de detección y apoyo a deportistas promesas de Bizkaia en 2019/2020;DEPARTAMENTO DE EUSKERA, CULTURA Y DEPORTE;Ayudas, subvenciones, prestaciones, pensiones y becas
Becas destinadas a técnicas y técnicos de deporte que hayan superado la formación deportiva entre el 11 de septiembre de 2019 y el 10 de septiembre 2020;DEPARTAMENTO DE EUSKERA, CULTURA Y DEPORTE;Ayudas, subvenciones, prestaciones, pensiones y becas
modelo 591 Impuesto sobre el valor de la producción de la energía eléctrica. Declaración anual de operaciones con contribuyentes;DEPARTAMENTO DE HACIENDA Y FINANZAS;Impuestos especiales
Subvención para la organización y desarrollo de actividades para el impulso de la competitividad comarcal - 2019;DEPARTAMENTO DE PROMOCIÓN ECONÓMICA;Ayudas, subvenciones, prestaciones, pensiones y becas
4.1 Ayudas a inversiones en explotaciones agrarias 2019(2ª convocatoria).;DEPARTAMENTO DE SOSTENIBILIDAD Y MEDIO NATURAL;Ayudas, subvenciones, prestaciones, pensiones y becas
6.1 Ayudas a la creación de empresas por jóvenes agricultores y agricultoras 2019(2ª convocatoria).;DEPARTAMENTO DE SOSTENIBILIDAD Y MEDIO NATURAL;Ayudas, subvenciones, prestaciones, pensiones y becas
"Convocatoria prueba selectiva por el sistema de concurso-oposición  turno libre y  Promoción interna. Administración Especial. Subescala Técnica; Clase Técnicos o Técnicas Superiores: Ingeniería Industrial";DEPART. DE ADMINISTRACIÓN PÚBLICA Y RELAC. INSTITUCIONALES;Empleo Público
Prestación económica vinculada al servicio de descanso de la persona cuidadora de perceptora de prestación para cuidados en el entorno familiar;DEPARTAMENTO DE ACCIÓN SOCIAL;Ayudas, subvenciones, prestaciones, pensiones y becas
Solicitud / Expedición de permisos de becada;DEPARTAMENTO DE SOSTENIBILIDAD Y MEDIO NATURAL;Autorizaciones, licencias y permisos
VI Premio literario infantil y juvenil BIZKAIDATZ TXIKIA 2019-2020;DEPARTAMENTO DE EUSKERA, CULTURA Y DEPORTE;Concursos, premios y reconocimientos
Convocatoria destinada a la muestra itinerante de artes visuales Ertibil-Bizkaia para el ejercicio 2020.;DEPARTAMENTO DE EUSKERA, CULTURA Y DEPORTE;Concursos, premios y reconocimientos
Justificación de subvenciones forales destinadas a la organización de espectáculos de artes escénicas: música, danza y teatro, en Bizkaia durante el ejercicio 2019 (PROGRAMA GARATU);DEPARTAMENTO DE EUSKERA, CULTURA Y DEPORTE;Ayudas, subvenciones, prestaciones, pensiones y becas
Justificación de subvenciones forales para la organización de eventos deportivos participativos por parte de sociedades mercantiles, sociedades cooperativas, personas empresarias individuales y profesionales de Bizkaia en 2019;DEPARTAMENTO DE EUSKERA, CULTURA Y DEPORTE;Ayudas, subvenciones, prestaciones, pensiones y becas
Justificación de subvenciones forales destinadas al mantenimiento de estructuras de coordinación de ocio y tiempo libre en el Territorio Histórico de Bizkaia durante el ejercicio 2019.;DEPARTAMENTO DE EUSKERA, CULTURA Y DEPORTE;Ayudas, subvenciones, prestaciones, pensiones y becas
Justificación de subvenciones forales destinadas a la promoción de espectáculos de artes escénicas de teatro y danza durante el ejercicio 2019.;DEPARTAMENTO DE EUSKERA, CULTURA Y DEPORTE;Ayudas, subvenciones, prestaciones, pensiones y becas
Justificación 6.1 Ayudas a la creación de empresas por jóvenes agricultores y agricultoras 2019 (2ª convocatoria);DEPARTAMENTO DE SOSTENIBILIDAD Y MEDIO NATURAL;Ayudas, subvenciones, prestaciones, pensiones y becas
Justificación 4.1 Ayudas a inversiones en explotaciones agrarias 2019 (2ª convocatoria);DEPARTAMENTO DE SOSTENIBILIDAD Y MEDIO NATURAL;Ayudas, subvenciones, prestaciones, pensiones y becas
